name,slug,description,category,industry,experience_level,metadata_json
Woodworker / Furniture Maker,woodworker-furniture-maker,"Designs and builds furniture, decor, and art pieces from wood using hand and power tools. Works from sketches or client briefs, selects suitable timber, and handles cutting, joinery, assembly, and finishing. Solves problems around structural strength, proportion, and material behavior, typically working independently or in a small workshop.",Design,Manufacturing,Entry,"{""cluster"": ""Makers"", ""common_tools"": [""Hand Tool Operation"", ""Power Tool Operation""], ""common_technologies"": [], ""common_domains"": [""Woodworking Techniques"", ""Material Selection""], ""typical_responsibilities"": [], ""education_background"": [], ""related_roles"": []}"
Ceramic Artist / Potter,ceramic-artist-potter,"Creates functional and decorative objects such as cups, bowls, and sculptures from clay using wheel-throwing and hand-building methods. Manages the full process from shaping to glazing and kiln firing, balancing artistic intent with the technical constraints of clay and heat.",Design,Manufacturing,Entry,"{""cluster"": ""Makers"", ""common_tools"": [], ""common_technologies"": [], ""common_domains"": [""Ceramics & Pottery Techniques"", ""Material Selection""], ""typical_responsibilities"": [], ""education_background"": [], ""related_roles"": []}"
Leather Craftsman,leather-craftsman,"Designs and makes bags, wallets, belts, and other leather accessories. Selects hides, cuts patterns, and hand- or machine-stitches pieces together, applying dyeing and finishing techniques to achieve durability and visual quality. Entry-level professionals typically build a portfolio and client base before progressing to more complex, higher-value work.",Design,Manufacturing,Entry,"{""cluster"": ""Makers"", ""common_tools"": [""Hand Tool Operation""], ""common_technologies"": [], ""common_domains"": [""Leatherworking"", ""Pattern Making"", ""Material Selection""], ""typical_responsibilities"": [], ""education_background"": [], ""related_roles"": []}"
Jewellery Designer,jewellery-designer,"Creates necklaces, rings, earrings, and bracelets from metal, beads, stones, or resin. Sketches designs, sources materials, and fabricates pieces using techniques such as wire-wrapping, metal-setting, or casting, balancing aesthetics with wearability and cost. Entry-level professionals typically build a portfolio and client base before progressing to more complex, higher-value work.",Design,Manufacturing,Entry,"{""cluster"": ""Makers"", ""common_tools"": [""Hand Tool Operation""], ""common_technologies"": [], ""common_domains"": [""Jewellery Fabrication"", ""Material Selection""], ""typical_responsibilities"": [], ""education_background"": [], ""related_roles"": []}"
Tattoo Artist,tattoo-artist,"Designs and inks permanent or temporary tattoos for clients, translating requests or original concepts into finished body art. Maintains strict hygiene and sterilization standards while operating tattoo machines with precision across varied skin types and designs. Entry-level professionals typically build a portfolio and client base before progressing to more complex, higher-value work.",Design,Other,Entry,"{""cluster"": ""Makers"", ""common_tools"": [], ""common_technologies"": [], ""common_domains"": [""Tattooing Technique""], ""typical_responsibilities"": [], ""education_background"": [], ""related_roles"": []}"
Calligrapher / Hand Letterer,calligrapher-hand-letterer,"Creates decorative hand-drawn text for invitations, logos, signage, and art prints. Works with pens, brushes, or digital tablets to produce consistent, stylized lettering that matches a client's tone and occasion. Entry-level professionals typically build a portfolio and client base before progressing to more complex, higher-value work.",Design,Media,Entry,"{""cluster"": ""Makers"", ""common_tools"": [], ""common_technologies"": [""Photo Editing"", ""Social Media Management""], ""common_domains"": [], ""typical_responsibilities"": [], ""education_background"": [], ""related_roles"": []}"
Soap / Candle Maker,soap-candle-maker,"Formulates and produces handmade soaps, candles, and bath products for online sale or markets. Manages ingredient ratios, curing times, scent and color combinations, and packaging while ensuring product safety and consistency. Entry-level professionals typically build a portfolio and client base before progressing to more complex, higher-value work.",Design,Manufacturing,Entry,"{""cluster"": ""Makers"", ""common_tools"": [], ""common_technologies"": [""E-commerce Platform Management""], ""common_domains"": [""Soap & Candle Formulation"", ""Material Selection""], ""typical_responsibilities"": [], ""education_background"": [], ""related_roles"": []}"
Baker / Pastry Chef,baker-pastry-chef,"Bakes cakes, pastries, bread, and desserts for customers, events, or an owned shop. Executes and adapts recipes, manages ingredient ratios and oven techniques, and maintains hygiene standards while balancing taste, presentation, and consistency at scale. Entry-level professionals typically build a portfolio and client base before progressing to more complex, higher-value work.",Design,Food & Beverage,Entry,"{""cluster"": ""Makers"", ""common_tools"": [], ""common_technologies"": [], ""common_domains"": [""Baking & Pastry Techniques"", ""Material Selection"", ""Menu Development""], ""typical_responsibilities"": [], ""education_background"": [], ""related_roles"": []}"
Tailor / Fashion Designer,tailor-fashion-designer,"Designs and stitches custom clothing ranging from everyday wear to bridal outfits. Takes measurements, drafts and adjusts patterns, and sews garments to fit, translating client requirements or original designs into finished pieces. Entry-level professionals typically build a portfolio and client base before progressing to more complex, higher-value work.",Design,Manufacturing,Entry,"{""cluster"": ""Makers"", ""common_tools"": [""Sewing & Stitching""], ""common_technologies"": [], ""common_domains"": [""Pattern Making"", ""Textile Knowledge""], ""typical_responsibilities"": [], ""education_background"": [], ""related_roles"": []}"
Miniature Artist,miniature-artist,"Builds tiny, highly detailed replicas of real objects, rooms, food, or scenes using clay, paper, resin, and paint. Plans proportion and scale carefully, and applies fine-motor precision to achieve realism at a very small size. Entry-level professionals typically build a portfolio and client base before progressing to more complex, higher-value work.",Design,Media,Entry,"{""cluster"": ""Makers"", ""common_tools"": [""Hand Tool Operation""], ""common_technologies"": [""Photo Editing"", ""Social Media Management""], ""common_domains"": [""Miniature Modelling"", ""Material Selection""], ""typical_responsibilities"": [], ""education_background"": [], ""related_roles"": []}"
Bicycle Mechanic,bicycle-mechanic,"Repairs, tunes, and customizes bicycles for commuters and enthusiasts. Diagnoses issues in gears, brakes, wheels, and frames, performs routine maintenance, and advises customers on upgrades or fit adjustments. Entry-level professionals typically build a portfolio and client base before progressing to more complex, higher-value work.",Other,Manufacturing,Entry,"{""cluster"": ""Makers"", ""common_tools"": [""Hand Tool Operation""], ""common_technologies"": [], ""common_domains"": [""Bicycle Mechanics"", ""Material Selection""], ""typical_responsibilities"": [], ""education_background"": [], ""related_roles"": []}"
Instrument Maker / Luthier,instrument-maker-luthier,"Builds or repairs musical instruments such as guitars, sitars, flutes, and violins by hand. Combines woodworking precision with acoustic knowledge to shape, assemble, and fine-tune instruments for sound quality and playability. Entry-level professionals typically build a portfolio and client base before progressing to more complex, higher-value work.",Design,Manufacturing,Entry,"{""cluster"": ""Makers"", ""common_tools"": [""Hand Tool Operation""], ""common_technologies"": [], ""common_domains"": [""Instrument Making & Repair"", ""Acoustic Knowledge"", ""Woodworking Techniques"", ""Material Selection""], ""typical_responsibilities"": [], ""education_background"": [], ""related_roles"": []}"
Wedding Planner,wedding-planner,"Manages every detail of a wedding, from venue and decor to catering and guest coordination. Builds vendor networks, tracks budgets and timelines, and handles on-the-day logistics so clients can enjoy a smooth, personalized event. Entry-level professionals typically build a portfolio and client base before progressing to more complex, higher-value work.",Business,Consulting,Entry,"{""cluster"": ""Connectors"", ""common_tools"": [], ""common_technologies"": [], ""common_domains"": [], ""typical_responsibilities"": [], ""education_background"": [], ""related_roles"": []}"
Birthday / Event Planner,birthday-event-planner,"Designs and runs themed birthday parties and corporate events end-to-end. Coordinates venues, decor, entertainment, and catering while managing budgets and timelines to deliver a cohesive, on-brief experience for clients. Entry-level professionals typically build a portfolio and client base before progressing to more complex, higher-value work.",Business,Consulting,Entry,"{""cluster"": ""Connectors"", ""common_tools"": [], ""common_technologies"": [], ""common_domains"": [], ""typical_responsibilities"": [], ""education_background"": [], ""related_roles"": []}"
Life Coach,life-coach,"Helps clients set goals, build habits, and navigate life transitions through one-on-one coaching sessions. Uses structured questioning and accountability frameworks to guide reflection and behavior change rather than giving direct advice. Entry-level professionals typically build a portfolio and client base before progressing to more complex, higher-value work.",Business,Consulting,Entry,"{""cluster"": ""Connectors"", ""common_tools"": [], ""common_technologies"": [], ""common_domains"": [""Goal Setting Frameworks"", ""Behavioral Coaching Techniques""], ""typical_responsibilities"": [], ""education_background"": [], ""related_roles"": []}"
Corporate Trainer,corporate-trainer,"Teaches employees skills such as communication, leadership, and productivity through workshops and training sessions. Designs curricula tailored to organizational needs, delivers engaging sessions, and measures learning outcomes. Professionals at this level usually have some prior experience and take on more independent or specialized responsibility over time.",Business,Consulting,Mid,"{""cluster"": ""Connectors"", ""common_tools"": [""Presentation Design""], ""common_technologies"": [""Presentation Design""], ""common_domains"": [""Curriculum Design"", ""Facilitation"", ""Subject Matter Expertise""], ""typical_responsibilities"": [], ""education_background"": [], ""related_roles"": []}"
Matchmaker / Marriage Consultant,matchmaker-marriage-consultant,"Helps individuals or families find compatible life partners through personalized matching and guided introductions. Interviews clients to understand preferences and values, and manages sensitive, confidential relationship processes. Entry-level professionals typically build a portfolio and client base before progressing to more complex, higher-value work.",Business,Consulting,Entry,"{""cluster"": ""Connectors"", ""common_tools"": [], ""common_technologies"": [], ""common_domains"": [""Compatibility Assessment"", ""Interviewing Techniques""], ""typical_responsibilities"": [], ""education_background"": [], ""related_roles"": []}"
Real Estate Agent,real-estate-agent,"Helps clients buy, sell, and rent properties by understanding local markets and negotiating deals. Conducts property viewings, prepares listings and paperwork, and advises clients on pricing and legal considerations. Entry-level professionals typically build a portfolio and client base before progressing to more complex, higher-value work.",Business,Real Estate,Entry,"{""cluster"": ""Connectors"", ""common_tools"": [], ""common_technologies"": [], ""common_domains"": [""Real Estate Market Analysis"", ""Property Law Basics""], ""typical_responsibilities"": [], ""education_background"": [], ""related_roles"": []}"
HR Consultant,hr-consultant,"Helps companies hire, manage, and retain employees by designing HR systems, policies, and culture initiatives. Advises on recruitment, employee relations, and compliance while tailoring recommendations to organizational size and needs. Professionals at this level usually have some prior experience and take on more independent or specialized responsibility over time.",Business,Consulting,Mid,"{""cluster"": ""Connectors"", ""common_tools"": [], ""common_technologies"": [""Excel""], ""common_domains"": [""HR Policy Development"", ""Interviewing Techniques"", ""Facilitation""], ""typical_responsibilities"": [], ""education_background"": [], ""related_roles"": []}"
Travel Planner,travel-planner,"Designs custom travel itineraries for individuals, couples, and families. Researches destinations, books transport and stays, and adapts plans to budget, interests, and logistical constraints to create smooth trip experiences. Entry-level professionals typically build a portfolio and client base before progressing to more complex, higher-value work.",Business,Travel & Hospitality,Entry,"{""cluster"": ""Connectors"", ""common_tools"": [], ""common_technologies"": [], ""common_domains"": [""Itinerary Planning"", ""Destination Knowledge""], ""typical_responsibilities"": [], ""education_background"": [], ""related_roles"": []}"
Fundraiser / Crowdfunding Expert,fundraiser-crowdfunding-expert,"Helps NGOs and startups raise money through events, online campaigns, and donor outreach. Plans fundraising strategy, writes appeals and grant proposals, and manages relationships with recurring and major donors. Professionals at this level usually have some prior experience and take on more independent or specialized responsibility over time.",Business,Non-Profit,Mid,"{""cluster"": ""Connectors"", ""common_tools"": [], ""common_technologies"": [""Social Media Management"", ""Excel""], ""common_domains"": [], ""typical_responsibilities"": [], ""education_background"": [], ""related_roles"": []}"
Community Manager,community-manager,"Builds and manages online communities for brands, creators, or causes across social platforms and forums. Moderates discussions, plans engagement activities, and analyzes community health metrics to grow participation. Entry-level professionals typically build a portfolio and client base before progressing to more complex, higher-value work.",Business,Technology,Entry,"{""cluster"": ""Connectors"", ""common_tools"": [""Social Media Management""], ""common_technologies"": [""Social Media Management""], ""common_domains"": [""Community Moderation"", ""Conflict Resolution""], ""typical_responsibilities"": [], ""education_background"": [], ""related_roles"": []}"
Interpreter / Translator,interpreter-translator,"Converts spoken or written content between languages for businesses, courts, or media. Ensures accuracy and cultural nuance in translation, and in interpreting roles delivers real-time language conversion under time pressure. Entry-level professionals typically build a portfolio and client base before progressing to more complex, higher-value work.",Business,Media,Entry,"{""cluster"": ""Connectors"", ""common_tools"": [], ""common_technologies"": [], ""common_domains"": [""Translation Techniques"", ""Simultaneous Interpretation""], ""typical_responsibilities"": [], ""education_background"": [], ""related_roles"": []}"
Conflict Mediator,conflict-mediator,"Helps resolve disputes between people, families, or organizations without going to court. Facilitates structured conversations, remains neutral between parties, and guides discussions toward mutually acceptable resolutions. Professionals at this level usually have some prior experience and take on more independent or specialized responsibility over time.",Business,Consulting,Mid,"{""cluster"": ""Connectors"", ""common_tools"": [], ""common_technologies"": [], ""common_domains"": [""Mediation Techniques"", ""Conflict Resolution"", ""Facilitation"", ""Ethical & Philosophical Reasoning""], ""typical_responsibilities"": [], ""education_background"": [], ""related_roles"": []}"
Public Relations (PR) Specialist,public-relations-pr-specialist,"Manages how a brand or individual is perceived by the public through media relations and messaging. Writes press materials, builds journalist relationships, and manages communication during both routine campaigns and crises. Professionals at this level usually have some prior experience and take on more independent or specialized responsibility over time.",Business,Media,Mid,"{""cluster"": ""Connectors"", ""common_tools"": [], ""common_technologies"": [""Social Media Management""], ""common_domains"": [], ""typical_responsibilities"": [], ""education_background"": [], ""related_roles"": []}"
Trekking / Adventure Guide,trekking-adventure-guide,"Leads groups through mountains, forests, and trails while ensuring safety and sharing local knowledge through storytelling. Plans routes, manages group pace and risk, and responds to emergencies in remote terrain. Entry-level professionals typically build a portfolio and client base before progressing to more complex, higher-value work.",Other,Travel & Hospitality,Entry,"{""cluster"": ""Explorers"", ""common_tools"": [], ""common_technologies"": [], ""common_domains"": [""Trail Navigation"", ""Group Leadership (Outdoor)"", ""Local History & Culture Knowledge"", ""Physical Rehabilitation Techniques""], ""typical_responsibilities"": [], ""education_background"": [], ""related_roles"": []}"
Wildlife Photographer,wildlife-photographer,"Captures animals, birds, and ecosystems in their natural habitats for media, conservation, and research use. Waits patiently for the right conditions, uses specialized camera gear, and edits images for publication. Entry-level professionals typically build a portfolio and client base before progressing to more complex, higher-value work.",Design,Media,Entry,"{""cluster"": ""Explorers"", ""common_tools"": [""Camera Equipment Handling"", ""Photo Editing""], ""common_technologies"": [""Photo Editing""], ""common_domains"": [""Wildlife Knowledge"", ""Conservation Practices""], ""typical_responsibilities"": [], ""education_background"": [], ""related_roles"": []}"
Organic Farmer,organic-farmer,"Grows chemical-free food using natural cultivation methods, selling directly to consumers or local markets. Manages soil health, crop rotation, pest control, and harvest timing across seasons. Entry-level professionals typically build a portfolio and client base before progressing to more complex, higher-value work.",Other,Agriculture,Entry,"{""cluster"": ""Explorers"", ""common_tools"": [], ""common_technologies"": [], ""common_domains"": [""Organic Farming Practices"", ""Irrigation Systems""], ""typical_responsibilities"": [], ""education_background"": [], ""related_roles"": []}"
Scuba Diving Instructor,scuba-diving-instructor,"Teaches people to dive safely and explore underwater ecosystems. Certifies students through structured courses, checks equipment, and manages in-water safety for divers of varying skill levels. Entry-level professionals typically build a portfolio and client base before progressing to more complex, higher-value work.",Other,Travel & Hospitality,Entry,"{""cluster"": ""Explorers"", ""common_tools"": [], ""common_technologies"": [], ""common_domains"": [""Scuba Diving Techniques"", ""Group Leadership (Outdoor)""], ""typical_responsibilities"": [], ""education_background"": [], ""related_roles"": []}"
Surfing Instructor,surfing-instructor,"Teaches surfing techniques and ocean safety at beaches to students of varying skill levels. Reads wave and weather conditions, ensures student safety, and adapts coaching style to each learner's pace. Entry-level professionals typically build a portfolio and client base before progressing to more complex, higher-value work.",Other,Travel & Hospitality,Entry,"{""cluster"": ""Explorers"", ""common_tools"": [], ""common_technologies"": [], ""common_domains"": [""Surfing Technique"", ""Group Leadership (Outdoor)""], ""typical_responsibilities"": [], ""education_background"": [], ""related_roles"": []}"
Drone Pilot,drone-pilot,"Flies drones for aerial photography, land surveys, agriculture monitoring, and filmmaking. Plans flight paths, complies with aviation regulations, and captures or processes footage and data for clients. Entry-level professionals typically build a portfolio and client base before progressing to more complex, higher-value work.",Other,Media,Entry,"{""cluster"": ""Explorers"", ""common_tools"": [""Drone Piloting""], ""common_technologies"": [""Photo Editing"", ""Video Editing""], ""common_domains"": [], ""typical_responsibilities"": [], ""education_background"": [], ""related_roles"": []}"
Tour Guide,tour-guide,"Leads tourists through cities, forts, temples, and cultural sites, bringing locations to life with stories and history. Manages group logistics and pacing while adapting commentary to different audiences. Entry-level professionals typically build a portfolio and client base before progressing to more complex, higher-value work.",Other,Travel & Hospitality,Entry,"{""cluster"": ""Explorers"", ""common_tools"": [], ""common_technologies"": [], ""common_domains"": [""Local History & Culture Knowledge"", ""Group Leadership (Outdoor)"", ""Itinerary Planning""], ""typical_responsibilities"": [], ""education_background"": [], ""related_roles"": []}"
Forest Officer / Conservationist,forest-officer-conservationist,"Protects forests, wildlife, and biodiversity through patrols, policy enforcement, and community engagement. Monitors ecosystems, documents violations, and coordinates conservation programs with local communities and authorities. Professionals at this level usually have some prior experience and take on more independent or specialized responsibility over time.",Research,Government,Mid,"{""cluster"": ""Explorers"", ""common_tools"": [], ""common_technologies"": [""GIS & Mapping""], ""common_domains"": [""Conservation Practices"", ""Field Patrol & Enforcement"", ""Environmental Policy Knowledge"", ""Wildlife Knowledge""], ""typical_responsibilities"": [], ""education_background"": [], ""related_roles"": []}"
Mountaineering Instructor,mountaineering-instructor,"Trains people in rock climbing, high-altitude trekking, and survival skills. Assesses student ability and terrain risk, teaches technical climbing systems, and manages emergencies in high-altitude environments. Professionals at this level usually have some prior experience and take on more independent or specialized responsibility over time.",Other,Travel & Hospitality,Mid,"{""cluster"": ""Explorers"", ""common_tools"": [], ""common_technologies"": [], ""common_domains"": [""Rock Climbing Technique"", ""High-Altitude Survival Skills"", ""Group Leadership (Outdoor)"", ""Trail Navigation""], ""typical_responsibilities"": [], ""education_background"": [], ""related_roles"": []}"
Geo Scientist / Field Researcher,geo-scientist-field-researcher,"Studies the earth's physical structure through fieldwork, sample collection, and terrain mapping. Analyzes geological data to understand formations, resources, or hazards, and communicates findings through reports and maps. Professionals at this level usually have some prior experience and take on more independent or specialized responsibility over time.",Research,Research,Mid,"{""cluster"": ""Explorers"", ""common_tools"": [""GIS & Mapping""], ""common_technologies"": [""GIS & Mapping"", ""Excel""], ""common_domains"": [], ""typical_responsibilities"": [], ""education_background"": [], ""related_roles"": []}"
Sailing / Yacht Captain,sailing-yacht-captain,"Navigates boats and yachts for tourism, cargo, or personal charters. Plans routes, monitors weather and vessel condition, and ensures the safety of passengers and crew throughout each voyage. Professionals at this level usually have some prior experience and take on more independent or specialized responsibility over time.",Other,Travel & Hospitality,Mid,"{""cluster"": ""Explorers"", ""common_tools"": [""Vessel Operation""], ""common_technologies"": [], ""common_domains"": [""Navigation (Marine)"", ""Group Leadership (Outdoor)""], ""typical_responsibilities"": [], ""education_background"": [], ""related_roles"": []}"
Urban Gardener / Landscaper,urban-gardener-landscaper,"Designs and maintains green spaces, rooftop gardens, and outdoor areas for homes and offices. Selects suitable plants, plans layouts, and manages ongoing irrigation and upkeep for client properties. Entry-level professionals typically build a portfolio and client base before progressing to more complex, higher-value work.",Design,Other,Entry,"{""cluster"": ""Explorers"", ""common_tools"": [], ""common_technologies"": [], ""common_domains"": [""Horticulture"", ""Irrigation Systems"", ""Material Selection""], ""typical_responsibilities"": [], ""education_background"": [], ""related_roles"": []}"
UI/UX Designer,ui-ux-designer,"Designs how apps and websites look and feel, making them visually appealing and easy to use. Creates wireframes, prototypes, and design systems, and validates decisions through usability testing and user feedback. Entry-level professionals typically build a portfolio and client base before progressing to more complex, higher-value work.",Design,Technology,Entry,"{""cluster"": ""Screen Workers"", ""common_tools"": [""Figma""], ""common_technologies"": [""Figma""], ""common_domains"": [""Usability Testing"", ""User Interviews""], ""typical_responsibilities"": [], ""education_background"": [], ""related_roles"": []}"
Video Editor,video-editor,"Cuts, colors, and assembles raw footage into finished videos for YouTube, ads, or films. Structures pacing and story flow, applies color grading and sound design, and delivers final files in required formats. Entry-level professionals typically build a portfolio and client base before progressing to more complex, higher-value work.",Design,Media,Entry,"{""cluster"": ""Screen Workers"", ""common_tools"": [""Video Editing"", ""Adobe Premiere Pro"", ""Color Grading""], ""common_technologies"": [""Video Editing"", ""Adobe Premiere Pro"", ""Color Grading""], ""common_domains"": [""Sound Design""], ""typical_responsibilities"": [], ""education_background"": [], ""related_roles"": []}"
Motion Graphics Designer,motion-graphics-designer,"Creates animated logos, explainer videos, and visual effects for brands and content creators. Builds motion sequences with attention to timing and style, working closely with clients or creative teams to match brand tone. Entry-level professionals typically build a portfolio and client base before progressing to more complex, higher-value work.",Design,Media,Entry,"{""cluster"": ""Screen Workers"", ""common_tools"": [""After Effects""], ""common_technologies"": [""After Effects"", ""Video Editing""], ""common_domains"": [""Animation Principles"", ""Sound Design""], ""typical_responsibilities"": [], ""education_background"": [], ""related_roles"": []}"
Podcast Producer,podcast-producer,"Records, edits, and distributes audio shows, managing everything from sound quality to storytelling and release schedules. Coordinates guests, edits episodes, and manages publishing across podcast platforms. Entry-level professionals typically build a portfolio and client base before progressing to more complex, higher-value work.",Design,Media,Entry,"{""cluster"": ""Screen Workers"", ""common_tools"": [], ""common_technologies"": [""Social Media Management""], ""common_domains"": [""Podcast Production"", ""Audio Recording & Mixing"", ""Sound Design""], ""typical_responsibilities"": [], ""education_background"": [], ""related_roles"": []}"
Game Developer,game-developer,"Builds video games from concept to release, coding gameplay mechanics and constructing visual worlds. Works across design, programming, and testing to create engaging, bug-free interactive experiences. Entry-level professionals typically build a portfolio and client base before progressing to more complex, higher-value work.",Software Engineering,Technology,Entry,"{""cluster"": ""Screen Workers"", ""common_tools"": [""Unity"", ""Git""], ""common_technologies"": [""Unity"", ""Unreal Engine""], ""common_domains"": [""Game Design"", ""Game Physics & Mechanics""], ""typical_responsibilities"": [], ""education_background"": [], ""related_roles"": []}"
3D Artist / Animator,3d-artist-animator,"Creates three-dimensional characters, environments, and animations for films, games, and advertisements. Models, textures, rigs, and animates assets, balancing visual quality with technical constraints such as render time. Entry-level professionals typically build a portfolio and client base before progressing to more complex, higher-value work.",Design,Media,Entry,"{""cluster"": ""Screen Workers"", ""common_tools"": [""Blender""], ""common_technologies"": [""Blender""], ""common_domains"": [""Rigging & Animation"", ""Texturing & Shading"", ""Animation Principles""], ""typical_responsibilities"": [], ""education_background"": [], ""related_roles"": []}"
Web Developer,web-developer,"Builds websites and web applications using code, from simple landing pages to complex platforms. Writes front-end and back-end logic, integrates APIs and databases, and ensures sites perform well across devices. Entry-level professionals typically build a portfolio and client base before progressing to more complex, higher-value work.",Web Development,Technology,Entry,"{""cluster"": ""Screen Workers"", ""common_tools"": [""Git""], ""common_technologies"": [], ""common_domains"": [], ""typical_responsibilities"": [], ""education_background"": [], ""related_roles"": []}"
Data Analyst,data-analyst,"Turns messy data into insights using spreadsheets, SQL, and visualization tools. Cleans and structures datasets, builds dashboards and reports, and communicates findings to guide business decisions. Entry-level professionals typically build a portfolio and client base before progressing to more complex, higher-value work.",Data,Technology,Entry,"{""cluster"": ""Screen Workers"", ""common_tools"": [""Excel""], ""common_technologies"": [""Excel""], ""common_domains"": [], ""typical_responsibilities"": [], ""education_background"": [], ""related_roles"": []}"
Cybersecurity Analyst,cybersecurity-analyst,"Protects systems from hackers by finding vulnerabilities and building digital defenses. Monitors networks for suspicious activity, investigates incidents, and implements security controls to reduce organizational risk. Entry-level professionals typically build a portfolio and client base before progressing to more complex, higher-value work.",Cybersecurity,Technology,Entry,"{""cluster"": ""Screen Workers"", ""common_tools"": [""Security Tools (SIEM/IDS)""], ""common_technologies"": [""Security Tools (SIEM/IDS)""], ""common_domains"": [""Risk Management (Trading)""], ""typical_responsibilities"": [], ""education_background"": [], ""related_roles"": []}"
AI/ML Engineer,ai-ml-engineer,"Builds intelligent systems that learn from data to make predictions or decisions. Prepares datasets, trains and evaluates machine learning or deep learning models, and deploys them into production applications. Entry-level professionals typically build a portfolio and client base before progressing to more complex, higher-value work.",AI/ML,Technology,Entry,"{""cluster"": ""Screen Workers"", ""common_tools"": [""TensorFlow/PyTorch""], ""common_technologies"": [""TensorFlow/PyTorch""], ""common_domains"": [], ""typical_responsibilities"": [], ""education_background"": [], ""related_roles"": []}"
Stock / Crypto Trader,stock-crypto-trader,"Buys and sells financial instruments by analyzing markets, charts, and trends. Develops trading strategies, manages risk exposure, and tracks positions across stocks, crypto, or other asset classes. Entry-level professionals typically build a portfolio and client base before progressing to more complex, higher-value work.",Finance,Finance,Entry,"{""cluster"": ""Screen Workers"", ""common_tools"": [], ""common_technologies"": [""Excel""], ""common_domains"": [""Financial Market Analysis"", ""Technical Chart Analysis"", ""Risk Management (Trading)""], ""typical_responsibilities"": [], ""education_background"": [], ""related_roles"": []}"
Social Media Manager,social-media-manager,"Creates, schedules, and grows content for brands and creators across social platforms. Plans content calendars, engages with audiences, and analyzes performance metrics to refine strategy. Entry-level professionals typically build a portfolio and client base before progressing to more complex, higher-value work.",Business,Media,Entry,"{""cluster"": ""Screen Workers"", ""common_tools"": [""Social Media Management""], ""common_technologies"": [""Social Media Management"", ""Photo Editing""], ""common_domains"": [], ""typical_responsibilities"": [], ""education_background"": [], ""related_roles"": []}"
Email Marketer / Copywriter,email-marketer-copywriter,"Writes persuasive emails and marketing copy that drives clicks, signups, and sales. Segments audiences, tests messaging variations, and analyzes campaign performance to improve conversion over time. Entry-level professionals typically build a portfolio and client base before progressing to more complex, higher-value work.",Business,Media,Entry,"{""cluster"": ""Screen Workers"", ""common_tools"": [], ""common_technologies"": [], ""common_domains"": [], ""typical_responsibilities"": [], ""education_background"": [], ""related_roles"": []}"
Forensic Scientist,forensic-scientist,"Analyzes crime scene evidence using scientific methods to help solve criminal cases. Collects and tests samples in the lab, maintains strict evidence-handling protocols, and presents findings to investigators or courts. Professionals at this level usually have some prior experience and take on more independent or specialized responsibility over time.",Research,Government,Mid,"{""cluster"": ""Thinkers"", ""common_tools"": [], ""common_technologies"": [""Excel""], ""common_domains"": [""Ethical & Philosophical Reasoning""], ""typical_responsibilities"": [], ""education_background"": [], ""related_roles"": []}"
Patent Analyst,patent-analyst,"Researches inventions and checks whether they qualify for patent protection. Conducts prior-art searches, compares technical claims against existing patents, and prepares reports supporting filing decisions. Professionals at this level usually have some prior experience and take on more independent or specialized responsibility over time.",Research,Consulting,Mid,"{""cluster"": ""Thinkers"", ""common_tools"": [], ""common_technologies"": [""Excel""], ""common_domains"": [""Patent Law Basics"", ""Subject Matter Expertise""], ""typical_responsibilities"": [], ""education_background"": [], ""related_roles"": []}"
Behavioural Economist,behavioural-economist,Studies why people make irrational financial decisions and designs better systems and policies as a result. Runs experiments to test decision-making theories and translates findings into practical recommendations. Professionals at this level usually have some prior experience and take on more independent or specialized responsibility over time.,Research,Research,Mid,"{""cluster"": ""Thinkers"", ""common_tools"": [], ""common_technologies"": [""Excel""], ""common_domains"": [""Behavioral Economics Theory""], ""typical_responsibilities"": [], ""education_background"": [], ""related_roles"": []}"
Urban Planner,urban-planner,"Designs how cities grow, covering road layouts, zoning, green spaces, and public transport. Analyzes population and land-use data, drafts development plans, and balances community, environmental, and infrastructure needs. Professionals at this level usually have some prior experience and take on more independent or specialized responsibility over time.",Research,Government,Mid,"{""cluster"": ""Thinkers"", ""common_tools"": [""GIS Mapping""], ""common_technologies"": [""GIS Mapping""], ""common_domains"": [""Urban Planning Principles"", ""Environmental Policy Knowledge""], ""typical_responsibilities"": [], ""education_background"": [], ""related_roles"": []}"
Policy Researcher,policy-researcher,"Analyzes government policies, writes reports, and recommends changes based on data. Reviews legislation and existing research, gathers evidence, and communicates findings clearly to policymakers or the public. Professionals at this level usually have some prior experience and take on more independent or specialized responsibility over time.",Research,Government,Mid,"{""cluster"": ""Thinkers"", ""common_tools"": [], ""common_technologies"": [""Excel""], ""common_domains"": [], ""typical_responsibilities"": [], ""education_background"": [], ""related_roles"": []}"
Ethical Hacker,ethical-hacker,"Tests systems for security weaknesses by thinking like an attacker, then reports fixes. Conducts authorized penetration tests, documents findings clearly, and recommends remediation steps to strengthen defenses. Professionals at this level usually have some prior experience and take on more independent or specialized responsibility over time.",Cybersecurity,Technology,Mid,"{""cluster"": ""Thinkers"", ""common_tools"": [], ""common_technologies"": [""Security Tools (SIEM/IDS)""], ""common_domains"": [], ""typical_responsibilities"": [], ""education_background"": [], ""related_roles"": []}"
Philosophy Consultant,philosophy-consultant,"Helps organizations and individuals think through ethical dilemmas and big-picture questions. Facilitates structured discussions, applies philosophical frameworks to real decisions, and helps clarify values-based trade-offs. Professionals at this level usually have some prior experience and take on more independent or specialized responsibility over time.",Business,Consulting,Mid,"{""cluster"": ""Thinkers"", ""common_tools"": [], ""common_technologies"": [], ""common_domains"": [""Ethical & Philosophical Reasoning"", ""Facilitation"", ""Conflict Resolution"", ""Curriculum Design""], ""typical_responsibilities"": [], ""education_background"": [], ""related_roles"": []}"
Actuary,actuary,"Uses math and statistics to predict risk for insurance companies and financial firms. Builds models to estimate probabilities of future events, and translates results into pricing and policy recommendations. Professionals at this level usually have some prior experience and take on more independent or specialized responsibility over time.",Finance,Finance,Mid,"{""cluster"": ""Thinkers"", ""common_tools"": [""Excel""], ""common_technologies"": [""Excel""], ""common_domains"": [], ""typical_responsibilities"": [], ""education_background"": [], ""related_roles"": []}"
Science Communicator,science-communicator,"Explains complex science to the public through writing, videos, or public talks. Translates technical research into accessible, accurate content while maintaining scientific rigor for varied audiences. Entry-level professionals typically build a portfolio and client base before progressing to more complex, higher-value work.",Research,Media,Entry,"{""cluster"": ""Thinkers"", ""common_tools"": [], ""common_technologies"": [""Video Editing"", ""Social Media Management""], ""common_domains"": [""Subject Matter Expertise""], ""typical_responsibilities"": [], ""education_background"": [], ""related_roles"": []}"
Archaeologist,archaeologist,"Digs, studies, and preserves ancient objects and sites to understand past civilizations. Conducts fieldwork excavations, documents findings meticulously, and applies conservation techniques to protect artifacts. Professionals at this level usually have some prior experience and take on more independent or specialized responsibility over time.",Research,Research,Mid,"{""cluster"": ""Thinkers"", ""common_tools"": [], ""common_technologies"": [""GIS Mapping""], ""common_domains"": [""Archaeological Excavation Techniques"", ""Artifact Analysis & Preservation"", ""Local History & Culture Knowledge""], ""typical_responsibilities"": [], ""education_background"": [], ""related_roles"": []}"
Operations Researcher,operations-researcher,"Uses mathematical models to help organizations make better decisions about logistics and resources. Builds optimization models for scheduling, supply chains, or resource allocation and translates results into actionable recommendations. Professionals at this level usually have some prior experience and take on more independent or specialized responsibility over time.",Data,Consulting,Mid,"{""cluster"": ""Thinkers"", ""common_tools"": [], ""common_technologies"": [""Excel""], ""common_domains"": [], ""typical_responsibilities"": [], ""education_background"": [], ""related_roles"": []}"
UX Researcher,ux-researcher,"Studies how people use products through interviews, surveys, and usability tests. Designs research studies, synthesizes findings into actionable insights, and works with designers to improve product experience. Entry-level professionals typically build a portfolio and client base before progressing to more complex, higher-value work.",Design,Technology,Entry,"{""cluster"": ""Thinkers"", ""common_tools"": [], ""common_technologies"": [], ""common_domains"": [""User Interviews"", ""Usability Testing""], ""typical_responsibilities"": [], ""education_background"": [], ""related_roles"": []}"
Voice-Over Artist,voice-over-artist,"Records narration for ads, audiobooks, animations, and YouTube videos. Interprets scripts to match tone and pacing, uses a home studio setup, and delivers clean, directed takes on schedule. Entry-level professionals typically build a portfolio and client base before progressing to more complex, higher-value work.",Design,Media,Entry,"{""cluster"": ""Performers"", ""common_tools"": [""Home Studio Recording""], ""common_technologies"": [], ""common_domains"": [""Voice Modulation"", ""Script Reading & Interpretation"", ""Audio Recording & Mixing"", ""Character Voicing""], ""typical_responsibilities"": [], ""education_background"": [], ""related_roles"": []}"
Stand-Up Comedian,stand-up-comedian,"Writes and performs comedy sets at open mic nights and events. Develops original material, tests jokes with live audiences, and refines timing and delivery based on audience reaction. Entry-level professionals typically build a portfolio and client base before progressing to more complex, higher-value work.",Design,Media,Entry,"{""cluster"": ""Performers"", ""common_tools"": [], ""common_technologies"": [""Social Media Management""], ""common_domains"": [""Stage Presence"", ""Improvisation""], ""typical_responsibilities"": [], ""education_background"": [], ""related_roles"": []}"
Dance Choreographer,dance-choreographer,"Creates dance routines for films, music videos, stage shows, and social media. Translates music and mood into movement sequences, and teaches routines to performers or students of varying skill levels. Entry-level professionals typically build a portfolio and client base before progressing to more complex, higher-value work.",Design,Media,Entry,"{""cluster"": ""Performers"", ""common_tools"": [], ""common_technologies"": [""Social Media Management""], ""common_domains"": [""Dance Technique"", ""Music Curation"", ""Group Leadership (Outdoor)""], ""typical_responsibilities"": [], ""education_background"": [], ""related_roles"": []}"
Theatre Actor,theatre-actor,"Performs in plays, musicals, and stage shows in front of live audiences. Interprets scripts and direction, memorizes lines, and embodies characters through voice, movement, and emotional expression. Entry-level professionals typically build a portfolio and client base before progressing to more complex, higher-value work.",Design,Media,Entry,"{""cluster"": ""Performers"", ""common_tools"": [], ""common_technologies"": [], ""common_domains"": [""Acting Technique"", ""Script Reading & Interpretation"", ""Memorization"", ""Stage Presence"", ""Voice Modulation"", ""Improvisation""], ""typical_responsibilities"": [], ""education_background"": [], ""related_roles"": []}"
Music Producer,music-producer,"Creates beats, composes music, and produces tracks for artists or content creators. Arranges instrumentation, records and mixes audio, and guides the overall sound and direction of a project. Entry-level professionals typically build a portfolio and client base before progressing to more complex, higher-value work.",Design,Media,Entry,"{""cluster"": ""Performers"", ""common_tools"": [""Digital Audio Workstation (DAW)""], ""common_technologies"": [""Digital Audio Workstation (DAW)""], ""common_domains"": [""Music Production"", ""Music Theory"", ""Audio Recording & Mixing"", ""Sound Design""], ""typical_responsibilities"": [], ""education_background"": [], ""related_roles"": []}"
Rapper / Lyricist,rapper-lyricist,"Writes and performs rap verses or song lyrics that tell stories and express ideas. Develops a distinct voice and flow, collaborates with producers, and performs live or records tracks for release. Entry-level professionals typically build a portfolio and client base before progressing to more complex, higher-value work.",Design,Media,Entry,"{""cluster"": ""Performers"", ""common_tools"": [], ""common_technologies"": [""Social Media Management""], ""common_domains"": [""Stage Presence"", ""Music Theory""], ""typical_responsibilities"": [], ""education_background"": [], ""related_roles"": []}"
DJ,dj,"Mixes and plays music at clubs, weddings, festivals, and private events. Reads crowd energy to select and sequence tracks, beatmatches transitions, and maintains equipment for live performance. Entry-level professionals typically build a portfolio and client base before progressing to more complex, higher-value work.",Design,Media,Entry,"{""cluster"": ""Performers"", ""common_tools"": [""DJ Mixing""], ""common_technologies"": [], ""common_domains"": [""Music Curation"", ""Sound Design""], ""typical_responsibilities"": [], ""education_background"": [], ""related_roles"": []}"
Magician / Illusionist,magician-illusionist,"Performs magic tricks and illusions at events, parties, and stage shows. Designs and rehearses routines, manages misdirection and audience attention, and builds a distinctive stage persona. Entry-level professionals typically build a portfolio and client base before progressing to more complex, higher-value work.",Design,Media,Entry,"{""cluster"": ""Performers"", ""common_tools"": [], ""common_technologies"": [], ""common_domains"": [""Sleight of Hand"", ""Stage Presence"", ""Improvisation"", ""Event Hosting""], ""typical_responsibilities"": [], ""education_background"": [], ""related_roles"": []}"
Puppeteer,puppeteer,"Tells stories through puppets for children's shows, educational content, and performances. Builds or operates puppets, voices distinct characters, and coordinates timing between movement and dialogue. Entry-level professionals typically build a portfolio and client base before progressing to more complex, higher-value work.",Design,Media,Entry,"{""cluster"": ""Performers"", ""common_tools"": [], ""common_technologies"": [], ""common_domains"": [""Puppet Construction & Manipulation"", ""Character Voicing"", ""Stage Presence"", ""Improvisation"", ""Curriculum Design""], ""typical_responsibilities"": [], ""education_background"": [], ""related_roles"": []}"
YouTube Creator,youtube-creator,"Builds an audience by creating consistent, valuable video content on YouTube. Plans and scripts videos, films and edits content, and analyzes channel analytics to refine format and topics over time. Entry-level professionals typically build a portfolio and client base before progressing to more complex, higher-value work.",Design,Media,Entry,"{""cluster"": ""Performers"", ""common_tools"": [""Video Editing""], ""common_technologies"": [""Video Editing""], ""common_domains"": [""On-Camera Presence""], ""typical_responsibilities"": [], ""education_background"": [], ""related_roles"": []}"
RJ / Radio Host,rj-radio-host,"Hosts radio shows or podcasts with engaging conversations, stories, and music. Prepares segments and talking points, operates broadcast equipment, and keeps listeners engaged in real time. Entry-level professionals typically build a portfolio and client base before progressing to more complex, higher-value work.",Design,Media,Entry,"{""cluster"": ""Performers"", ""common_tools"": [], ""common_technologies"": [""Social Media Management""], ""common_domains"": [""Radio Broadcasting Techniques"", ""Voice Modulation"", ""Improvisation"", ""Music Curation""], ""typical_responsibilities"": [], ""education_background"": [], ""related_roles"": []}"
Emcee / Event Host,emcee-event-host,"Hosts events, weddings, and corporate functions, keeping the audience engaged and the program on schedule. Coordinates with organizers, adapts tone to the occasion, and manages live audience energy. Entry-level professionals typically build a portfolio and client base before progressing to more complex, higher-value work.",Design,Media,Entry,"{""cluster"": ""Performers"", ""common_tools"": [], ""common_technologies"": [], ""common_domains"": [""Event Hosting"", ""Improvisation""], ""typical_responsibilities"": [], ""education_background"": [], ""related_roles"": []}"
Art Therapist,art-therapist,Uses creative activities to help people deal with emotional trauma and mental health issues. Designs art-based exercises tailored to client needs and interprets creative output as part of a therapeutic process. Professionals at this level usually have some prior experience and take on more independent or specialized responsibility over time.,Healthcare,Healthcare,Mid,"{""cluster"": ""Healers"", ""common_tools"": [], ""common_technologies"": [], ""common_domains"": [""Art Therapy Techniques"", ""Trauma-Informed Care"", ""Psychological First Aid"", ""Ethical & Philosophical Reasoning""], ""typical_responsibilities"": [], ""education_background"": [], ""related_roles"": []}"
Music Therapist,music-therapist,"Uses music to help people manage stress and improve mental and physical well-being. Designs sessions using instruments, singing, or listening exercises tailored to each client's therapeutic goals. Professionals at this level usually have some prior experience and take on more independent or specialized responsibility over time.",Healthcare,Healthcare,Mid,"{""cluster"": ""Healers"", ""common_tools"": [], ""common_technologies"": [], ""common_domains"": [""Music Therapy Techniques"", ""Music Theory"", ""Trauma-Informed Care"", ""Instrument Making & Repair"", ""Psychological First Aid""], ""typical_responsibilities"": [], ""education_background"": [], ""related_roles"": []}"
Grief Counsellor,grief-counsellor,"Helps people process the death of a loved one through conversation and healing techniques. Provides a safe, structured space for mourning, and recognizes when to refer clients to further professional care. Professionals at this level usually have some prior experience and take on more independent or specialized responsibility over time.",Healthcare,Healthcare,Mid,"{""cluster"": ""Healers"", ""common_tools"": [], ""common_technologies"": [], ""common_domains"": [""Grief Counselling Techniques"", ""Trauma-Informed Care"", ""Psychological First Aid"", ""Facilitation"", ""Ethical & Philosophical Reasoning""], ""typical_responsibilities"": [], ""education_background"": [], ""related_roles"": []}"
Nutritionist / Dietitian,nutritionist-dietitian,"Creates personalized food plans to help people meet health goals based on their body and lifestyle. Assesses dietary needs, monitors progress, and adjusts plans using evidence-based nutrition science. Entry-level professionals typically build a portfolio and client base before progressing to more complex, higher-value work.",Healthcare,Healthcare,Entry,"{""cluster"": ""Healers"", ""common_tools"": [], ""common_technologies"": [""Excel""], ""common_domains"": [""Diet Planning""], ""typical_responsibilities"": [], ""education_background"": [], ""related_roles"": []}"
Yoga Instructor,yoga-instructor,"Teaches yoga postures, breathing, and meditation to improve physical and mental health. Adapts sequences to different skill levels, corrects form to prevent injury, and creates a calm, focused class environment. Entry-level professionals typically build a portfolio and client base before progressing to more complex, higher-value work.",Healthcare,Healthcare,Entry,"{""cluster"": ""Healers"", ""common_tools"": [], ""common_technologies"": [], ""common_domains"": [""Yoga Instruction"", ""Breathing & Meditation Techniques"", ""Group Leadership (Outdoor)"", ""Curriculum Design""], ""typical_responsibilities"": [], ""education_background"": [], ""related_roles"": []}"
Physiotherapist,physiotherapist,"Helps people recover from injuries and manage physical pain through exercises and manual therapy. Assesses movement and mobility issues, designs recovery plans, and tracks patient progress over multiple sessions. Professionals at this level usually have some prior experience and take on more independent or specialized responsibility over time.",Healthcare,Healthcare,Mid,"{""cluster"": ""Healers"", ""common_tools"": [], ""common_technologies"": [], ""common_domains"": [""Physical Rehabilitation Techniques"", ""Manual Therapy"", ""Assistive Device Knowledge"", ""Facilitation""], ""typical_responsibilities"": [], ""education_background"": [], ""related_roles"": []}"
Occupational Therapist,occupational-therapist,"Helps people with disabilities or injuries perform daily tasks and regain independence. Assesses functional limitations, adapts tasks and environments, and teaches strategies or assistive-device use. Professionals at this level usually have some prior experience and take on more independent or specialized responsibility over time.",Healthcare,Healthcare,Mid,"{""cluster"": ""Healers"", ""common_tools"": [], ""common_technologies"": [], ""common_domains"": [""Occupational Therapy Techniques"", ""Assistive Device Knowledge"", ""Trauma-Informed Care"", ""Facilitation""], ""typical_responsibilities"": [], ""education_background"": [], ""related_roles"": []}"
Animal Therapist / Vet Assistant,animal-therapist-vet-assistant,"Helps injured or sick animals recover and supports veterinarians in clinics and shelters. Handles and restrains animals safely, assists with basic procedures, and monitors recovery and behavior. Entry-level professionals typically build a portfolio and client base before progressing to more complex, higher-value work.",Healthcare,Healthcare,Entry,"{""cluster"": ""Healers"", ""common_tools"": [], ""common_technologies"": [], ""common_domains"": [""Animal Handling"", ""Veterinary Support Procedures""], ""typical_responsibilities"": [], ""education_background"": [], ""related_roles"": []}"
Midwife / Birth Companion,midwife-birth-companion,"Supports mothers during pregnancy, labor, and postpartum through guidance and hands-on care. Monitors maternal and fetal wellbeing, provides emotional support, and coordinates with medical staff when needed. Professionals at this level usually have some prior experience and take on more independent or specialized responsibility over time.",Healthcare,Healthcare,Mid,"{""cluster"": ""Healers"", ""common_tools"": [], ""common_technologies"": [], ""common_domains"": [""Prenatal & Postpartum Care"", ""Labor Support Techniques"", ""Psychological First Aid""], ""typical_responsibilities"": [], ""education_background"": [], ""related_roles"": []}"
Speech Therapist,speech-therapist,"Helps children and adults overcome speech and language difficulties. Assesses communication challenges, designs individualized therapy plans, and tracks progress across sessions. Professionals at this level usually have some prior experience and take on more independent or specialized responsibility over time.",Healthcare,Healthcare,Mid,"{""cluster"": ""Healers"", ""common_tools"": [], ""common_technologies"": [], ""common_domains"": [""Speech & Language Assessment"", ""Speech Therapy Techniques"", ""Curriculum Design"", ""Facilitation""], ""typical_responsibilities"": [], ""education_background"": [], ""related_roles"": []}"
Mental Health First Aider,mental-health-first-aider,"Provides initial support to people in emotional distress before professional help arrives. Recognizes warning signs of crisis, offers calm, non-judgmental support, and connects individuals to appropriate resources. Entry-level professionals typically build a portfolio and client base before progressing to more complex, higher-value work.",Healthcare,Healthcare,Entry,"{""cluster"": ""Healers"", ""common_tools"": [], ""common_technologies"": [], ""common_domains"": [""Mental Health First Aid Techniques"", ""Psychological First Aid"", ""Trauma-Informed Care"", ""Conflict Resolution"", ""Facilitation""], ""typical_responsibilities"": [], ""education_background"": [], ""related_roles"": []}"
Elder Care Specialist,elder-care-specialist,"Provides companionship, medical support, and daily care to senior citizens. Assists with mobility, medication routines, and daily tasks while monitoring health and emotional wellbeing. Entry-level professionals typically build a portfolio and client base before progressing to more complex, higher-value work.",Healthcare,Healthcare,Entry,"{""cluster"": ""Healers"", ""common_tools"": [], ""common_technologies"": [], ""common_domains"": [""Elder Care Practices"", ""Medication & Care Routine Management"", ""Assistive Device Knowledge""], ""typical_responsibilities"": [], ""education_background"": [], ""related_roles"": []}"
Cloud Kitchen Owner,cloud-kitchen-owner,"Runs a food delivery business from a home or commercial kitchen without a dine-in restaurant. Manages menu design, kitchen operations, and delivery-platform listings to grow order volume and margins. Entry-level professionals typically build a portfolio and client base before progressing to more complex, higher-value work.",Business,Food & Beverage,Entry,"{""cluster"": ""Builders"", ""common_tools"": [""Food Delivery Platform Management""], ""common_technologies"": [""Food Delivery Platform Management""], ""common_domains"": [""Menu Development""], ""typical_responsibilities"": [], ""education_background"": [], ""related_roles"": []}"
Print-on-Demand Seller,print-on-demand-seller,"Sells custom t-shirts, mugs, and posters without holding inventory, using print-on-demand platforms. Designs merchandise, sets up product listings, and manages marketing to drive online sales. Entry-level professionals typically build a portfolio and client base before progressing to more complex, higher-value work.",Business,E-commerce,Entry,"{""cluster"": ""Builders"", ""common_tools"": [""Print-on-Demand Platforms"", ""E-commerce Platform Management""], ""common_technologies"": [""Print-on-Demand Platforms"", ""E-commerce Platform Management"", ""Social Media Management""], ""common_domains"": [], ""typical_responsibilities"": [], ""education_background"": [], ""related_roles"": []}"
Dropshipper,dropshipper,"Sells products online without holding stock, relying on suppliers to ship directly to customers. Sets up storefronts, sources trending products, and runs digital ads to drive traffic and sales. Entry-level professionals typically build a portfolio and client base before progressing to more complex, higher-value work.",Business,E-commerce,Entry,"{""cluster"": ""Builders"", ""common_tools"": [""E-commerce Platform Management""], ""common_technologies"": [""E-commerce Platform Management""], ""common_domains"": [], ""typical_responsibilities"": [], ""education_background"": [], ""related_roles"": []}"
App Developer (No-Code),app-developer-no-code,"Builds mobile and web apps without traditional coding, using platforms like Glide, Bubble, and Adalo. Defines app requirements, configures workflows and databases visually, and iterates based on user feedback. Entry-level professionals typically build a portfolio and client base before progressing to more complex, higher-value work.",Software Engineering,Technology,Entry,"{""cluster"": ""Builders"", ""common_tools"": [""No-Code App Development""], ""common_technologies"": [""No-Code App Development""], ""common_domains"": [""Product Requirements Definition""], ""typical_responsibilities"": [], ""education_background"": [], ""related_roles"": []}"
Newsletter Creator,newsletter-creator,"Writes and sends regular email newsletters to a loyal subscriber base on a niche topic. Plans content, grows the subscriber list, and monetizes through sponsorships or paid subscriptions. Entry-level professionals typically build a portfolio and client base before progressing to more complex, higher-value work.",Business,Media,Entry,"{""cluster"": ""Builders"", ""common_tools"": [""Newsletter Platforms""], ""common_technologies"": [""Newsletter Platforms"", ""Social Media Management""], ""common_domains"": [], ""typical_responsibilities"": [], ""education_background"": [], ""related_roles"": []}"
Affiliate Marketer,affiliate-marketer,"Earns commissions by recommending products through blogs, videos, and social media. Selects relevant products, creates persuasive content, and tracks conversions to optimize which promotions perform best. Entry-level professionals typically build a portfolio and client base before progressing to more complex, higher-value work.",Business,E-commerce,Entry,"{""cluster"": ""Builders"", ""common_tools"": [], ""common_technologies"": [""Social Media Management""], ""common_domains"": [], ""typical_responsibilities"": [], ""education_background"": [], ""related_roles"": []}"
Online Tutor,online-tutor,"Teaches academic subjects or skills one-on-one or to groups through video calls. Plans lessons around student needs, explains concepts clearly, and tracks progress across sessions. Entry-level professionals typically build a portfolio and client base before progressing to more complex, higher-value work.",Business,Education,Entry,"{""cluster"": ""Builders"", ""common_tools"": [""Online Teaching Platforms""], ""common_technologies"": [""Online Teaching Platforms""], ""common_domains"": [""Subject Matter Expertise"", ""Lesson Planning"", ""Curriculum Design""], ""typical_responsibilities"": [], ""education_background"": [], ""related_roles"": []}"
Franchise Owner,franchise-owner,"Buys and runs a branch of an established brand such as food, salon, or education. Manages daily operations within franchisor standards, oversees staff, and controls costs to hit performance targets. Professionals at this level usually have some prior experience and take on more independent or specialized responsibility over time.",Business,Other,Mid,"{""cluster"": ""Builders"", ""common_tools"": [], ""common_technologies"": [], ""common_domains"": [], ""typical_responsibilities"": [], ""education_background"": [], ""related_roles"": []}"
Reseller (Thrift / Vintage),reseller-thrift-vintage,"Buys underpriced items such as clothes, electronics, or furniture and resells them for profit. Sources inventory from thrift stores or auctions, evaluates condition and value, and lists items on online marketplaces. Entry-level professionals typically build a portfolio and client base before progressing to more complex, higher-value work.",Business,E-commerce,Entry,"{""cluster"": ""Builders"", ""common_tools"": [""Online Marketplace Selling""], ""common_technologies"": [""Online Marketplace Selling""], ""common_domains"": [""Thrift Sourcing & Valuation""], ""typical_responsibilities"": [], ""education_background"": [], ""related_roles"": []}"
SaaS Builder,saas-builder,"Builds and sells software-as-a-service products that solve specific business problems. Defines product scope, oversees or performs development, and tracks growth and retention metrics after launch. Professionals at this level usually have some prior experience and take on more independent or specialized responsibility over time.",Software Engineering,Technology,Mid,"{""cluster"": ""Builders"", ""common_tools"": [], ""common_technologies"": [], ""common_domains"": [""Product Requirements Definition""], ""typical_responsibilities"": [], ""education_background"": [], ""related_roles"": []}"
Coworking Space Owner,coworking-space-owner,"Creates and manages shared workspaces for freelancers, startups, and remote workers. Oversees facility operations, membership sales, and community programming to keep occupancy and satisfaction high. Professionals at this level usually have some prior experience and take on more independent or specialized responsibility over time.",Business,Real Estate,Mid,"{""cluster"": ""Builders"", ""common_tools"": [], ""common_technologies"": [], ""common_domains"": [], ""typical_responsibilities"": [], ""education_background"": [], ""related_roles"": []}"
Micro-Influencer,micro-influencer,"Builds a loyal niche following on social media and partners with brands for sponsored promotions. Creates consistent content around a personal brand and negotiates paid collaborations with businesses. Entry-level professionals typically build a portfolio and client base before progressing to more complex, higher-value work.",Design,Media,Entry,"{""cluster"": ""Builders"", ""common_tools"": [""Social Media Management""], ""common_technologies"": [""Social Media Management"", ""Photo Editing""], ""common_domains"": [], ""typical_responsibilities"": [], ""education_background"": [], ""related_roles"": []}"
Import/Export Trader,import-export-trader,"Buys products from one country and sells them in another, handling logistics and customs. Sources suppliers, negotiates pricing, and manages documentation and shipping to keep goods compliant and on schedule. Professionals at this level usually have some prior experience and take on more independent or specialized responsibility over time.",Business,Manufacturing,Mid,"{""cluster"": ""Builders"", ""common_tools"": [], ""common_technologies"": [""Excel""], ""common_domains"": [""Import/Export Compliance""], ""typical_responsibilities"": [], ""education_background"": [], ""related_roles"": []}"
Social Enterprise Founder,social-enterprise-founder,"Starts a business that solves a social problem while generating sustainable revenue. Designs a business model balancing impact and profitability, raises funding, and measures both financial and social outcomes. Professionals at this level usually have some prior experience and take on more independent or specialized responsibility over time.",Business,Non-Profit,Mid,"{""cluster"": ""Builders"", ""common_tools"": [], ""common_technologies"": [], ""common_domains"": [], ""typical_responsibilities"": [], ""education_background"": [], ""related_roles"": []}"
