career_slug,skill_slug,importance,required_level,is_core
woodworker-furniture-maker,hand-tool-operation,5,Advanced,true
woodworker-furniture-maker,power-tool-operation,5,Advanced,true
woodworker-furniture-maker,woodworking-techniques,5,Advanced,true
woodworker-furniture-maker,material-selection,4,Intermediate,true
woodworker-furniture-maker,design-systems,2,Beginner,false
woodworker-furniture-maker,client-relationship-management,3,Intermediate,false
woodworker-furniture-maker,budgeting,2,Beginner,false
woodworker-furniture-maker,time-and-project-management,3,Intermediate,false
woodworker-furniture-maker,customer-service,2,Beginner,false
ceramic-artist-potter,ceramics-and-pottery-techniques,5,Advanced,true
ceramic-artist-potter,hand-tool-operation,3,Intermediate,false
ceramic-artist-potter,material-selection,3,Intermediate,true
ceramic-artist-potter,design-systems,2,Beginner,false
ceramic-artist-potter,time-and-project-management,2,Beginner,false
ceramic-artist-potter,customer-service,2,Beginner,false
ceramic-artist-potter,marketing-strategy,2,Beginner,false
ceramic-artist-potter,financial-literacy,1,Beginner,false
leather-craftsman,leatherworking,5,Advanced,true
leather-craftsman,pattern-making,4,Intermediate,true
leather-craftsman,hand-tool-operation,4,Intermediate,true
leather-craftsman,material-selection,3,Intermediate,false
leather-craftsman,design-systems,2,Beginner,false
leather-craftsman,customer-service,2,Beginner,false
leather-craftsman,time-and-project-management,2,Beginner,false
leather-craftsman,marketing-strategy,2,Beginner,false
jewellery-designer,jewellery-fabrication,5,Advanced,true
jewellery-designer,design-systems,3,Intermediate,false
jewellery-designer,material-selection,4,Intermediate,true
jewellery-designer,hand-tool-operation,4,Intermediate,true
jewellery-designer,customer-service,2,Beginner,false
jewellery-designer,marketing-strategy,3,Beginner,false
jewellery-designer,time-and-project-management,2,Beginner,false
jewellery-designer,financial-literacy,1,Beginner,false
tattoo-artist,tattooing-technique,5,Expert,true
tattoo-artist,sterilization-and-hygiene-practices,5,Advanced,true
tattoo-artist,design-systems,3,Intermediate,false
tattoo-artist,hand-lettering-and-calligraphy,2,Beginner,false
tattoo-artist,client-relationship-management,3,Intermediate,false
tattoo-artist,customer-service,3,Intermediate,false
tattoo-artist,marketing-strategy,2,Beginner,false
tattoo-artist,financial-literacy,1,Beginner,false
calligrapher-hand-letterer,hand-lettering-and-calligraphy,5,Advanced,true
calligrapher-hand-letterer,design-systems,3,Intermediate,false
calligrapher-hand-letterer,photo-editing,2,Beginner,false
calligrapher-hand-letterer,client-relationship-management,2,Beginner,false
calligrapher-hand-letterer,marketing-strategy,2,Beginner,false
calligrapher-hand-letterer,social-media-management,2,Beginner,false
calligrapher-hand-letterer,time-and-project-management,2,Beginner,false
calligrapher-hand-letterer,customer-service,2,Beginner,false
soap-candle-maker,soap-and-candle-formulation,5,Advanced,true
soap-candle-maker,material-selection,4,Intermediate,true
soap-candle-maker,food-safety-and-hygiene,2,Beginner,false
soap-candle-maker,design-systems,2,Beginner,false
soap-candle-maker,e-commerce-platform-management,3,Beginner,false
soap-candle-maker,marketing-strategy,3,Intermediate,false
soap-candle-maker,customer-service,2,Beginner,false
soap-candle-maker,financial-literacy,1,Beginner,false
baker-pastry-chef,baking-and-pastry-techniques,5,Advanced,true
baker-pastry-chef,food-safety-and-hygiene,4,Intermediate,true
baker-pastry-chef,material-selection,3,Intermediate,false
baker-pastry-chef,menu-development,2,Beginner,false
baker-pastry-chef,time-and-project-management,3,Intermediate,false
baker-pastry-chef,customer-service,2,Beginner,false
baker-pastry-chef,marketing-strategy,2,Beginner,false
baker-pastry-chef,financial-literacy,2,Beginner,false
tailor-fashion-designer,sewing-and-stitching,5,Advanced,true
tailor-fashion-designer,pattern-making,5,Advanced,true
tailor-fashion-designer,textile-knowledge,4,Intermediate,true
tailor-fashion-designer,design-systems,3,Intermediate,false
tailor-fashion-designer,client-relationship-management,3,Intermediate,false
tailor-fashion-designer,customer-service,2,Beginner,false
tailor-fashion-designer,marketing-strategy,2,Beginner,false
tailor-fashion-designer,financial-literacy,1,Beginner,false
miniature-artist,miniature-modelling,5,Advanced,true
miniature-artist,hand-tool-operation,3,Intermediate,true
miniature-artist,material-selection,3,Intermediate,false
miniature-artist,design-systems,2,Beginner,false
miniature-artist,photo-editing,2,Beginner,false
miniature-artist,social-media-management,2,Beginner,false
miniature-artist,marketing-strategy,2,Beginner,false
miniature-artist,customer-service,1,Beginner,false
bicycle-mechanic,bicycle-mechanics,5,Advanced,true
bicycle-mechanic,hand-tool-operation,4,Intermediate,true
bicycle-mechanic,power-tool-operation,2,Beginner,false
bicycle-mechanic,material-selection,2,Beginner,false
bicycle-mechanic,customer-service,3,Intermediate,false
bicycle-mechanic,inventory-management,2,Beginner,false
bicycle-mechanic,time-and-project-management,2,Beginner,false
bicycle-mechanic,financial-literacy,1,Beginner,false
instrument-maker-luthier,instrument-making-and-repair,5,Advanced,true
instrument-maker-luthier,acoustic-knowledge,4,Advanced,true
instrument-maker-luthier,woodworking-techniques,4,Advanced,true
instrument-maker-luthier,hand-tool-operation,4,Advanced,true
instrument-maker-luthier,material-selection,3,Intermediate,false
instrument-maker-luthier,client-relationship-management,2,Beginner,false
instrument-maker-luthier,time-and-project-management,2,Beginner,false
instrument-maker-luthier,customer-service,2,Beginner,false
wedding-planner,event-planning,5,Advanced,true
wedding-planner,vendor-coordination,5,Advanced,true
wedding-planner,budgeting,4,Intermediate,true
wedding-planner,client-relationship-management,4,Intermediate,true
wedding-planner,negotiation,3,Intermediate,false
wedding-planner,time-and-project-management,4,Intermediate,true
wedding-planner,customer-service,3,Intermediate,false
wedding-planner,marketing-strategy,2,Beginner,false
birthday-event-planner,event-planning,5,Advanced,true
birthday-event-planner,vendor-coordination,4,Intermediate,true
birthday-event-planner,budgeting,3,Intermediate,true
birthday-event-planner,client-relationship-management,3,Intermediate,false
birthday-event-planner,negotiation,2,Beginner,false
birthday-event-planner,time-and-project-management,4,Intermediate,true
birthday-event-planner,customer-service,3,Intermediate,false
birthday-event-planner,marketing-strategy,2,Beginner,false
life-coach,active-listening,5,Advanced,true
life-coach,goal-setting-frameworks,5,Advanced,true
life-coach,behavioral-coaching-techniques,4,Advanced,true
life-coach,client-relationship-management,4,Intermediate,true
life-coach,public-speaking,2,Beginner,false
life-coach,marketing-strategy,2,Beginner,false
life-coach,customer-service,2,Beginner,false
life-coach,financial-literacy,1,Beginner,false
corporate-trainer,curriculum-design,5,Advanced,true
corporate-trainer,public-speaking,5,Advanced,true
corporate-trainer,presentation-design,3,Intermediate,true
corporate-trainer,facilitation,4,Advanced,true
corporate-trainer,client-relationship-management,3,Intermediate,false
corporate-trainer,subject-matter-expertise,3,Intermediate,false
corporate-trainer,time-and-project-management,2,Beginner,false
corporate-trainer,marketing-strategy,2,Beginner,false
matchmaker-marriage-consultant,compatibility-assessment,5,Advanced,true
matchmaker-marriage-consultant,interviewing-techniques,4,Intermediate,true
matchmaker-marriage-consultant,active-listening,4,Advanced,true
matchmaker-marriage-consultant,client-relationship-management,4,Intermediate,true
matchmaker-marriage-consultant,negotiation,2,Beginner,false
matchmaker-marriage-consultant,marketing-strategy,2,Beginner,false
matchmaker-marriage-consultant,customer-service,3,Intermediate,false
matchmaker-marriage-consultant,financial-literacy,1,Beginner,false
real-estate-agent,real-estate-market-analysis,5,Advanced,true
real-estate-agent,negotiation,5,Advanced,true
real-estate-agent,property-law-basics,4,Intermediate,true
real-estate-agent,client-relationship-management,4,Intermediate,true
real-estate-agent,sales,4,Intermediate,true
real-estate-agent,marketing-strategy,3,Intermediate,false
real-estate-agent,financial-literacy,3,Intermediate,false
real-estate-agent,customer-service,2,Beginner,false
hr-consultant,recruitment-and-sourcing,4,Advanced,true
hr-consultant,hr-policy-development,5,Advanced,true
hr-consultant,employee-relations,4,Advanced,true
hr-consultant,interviewing-techniques,3,Intermediate,false
hr-consultant,client-relationship-management,3,Intermediate,false
hr-consultant,report-writing,2,Intermediate,false
hr-consultant,facilitation,2,Beginner,false
hr-consultant,excel,2,Beginner,false
travel-planner,itinerary-planning,5,Advanced,true
travel-planner,destination-knowledge,5,Advanced,true
travel-planner,vendor-coordination,3,Intermediate,true
travel-planner,budgeting,3,Intermediate,false
travel-planner,client-relationship-management,3,Intermediate,false
travel-planner,customer-service,3,Intermediate,false
travel-planner,marketing-strategy,2,Beginner,false
travel-planner,negotiation,2,Beginner,false
fundraiser-crowdfunding-expert,fundraising-strategy,5,Advanced,true
fundraiser-crowdfunding-expert,grant-writing,4,Advanced,true
fundraiser-crowdfunding-expert,donor-relationship-management,4,Intermediate,true
fundraiser-crowdfunding-expert,copywriting,3,Intermediate,false
fundraiser-crowdfunding-expert,social-media-management,3,Intermediate,false
fundraiser-crowdfunding-expert,event-planning,2,Beginner,false
fundraiser-crowdfunding-expert,public-speaking,2,Beginner,false
fundraiser-crowdfunding-expert,excel,2,Beginner,false
community-manager,community-moderation,5,Advanced,true
community-manager,social-media-management,4,Advanced,true
community-manager,engagement-analytics,3,Intermediate,true
community-manager,copywriting,3,Intermediate,false
community-manager,content-calendar-planning,3,Intermediate,false
community-manager,conflict-resolution,3,Intermediate,false
community-manager,customer-service,2,Beginner,false
community-manager,marketing-strategy,2,Beginner,false
interpreter-translator,bilingual-multilingual-proficiency,5,Expert,true
interpreter-translator,translation-techniques,5,Advanced,true
interpreter-translator,simultaneous-interpretation,3,Advanced,false
interpreter-translator,active-listening,4,Advanced,true
interpreter-translator,report-writing,2,Intermediate,false
interpreter-translator,client-relationship-management,2,Beginner,false
interpreter-translator,time-and-project-management,2,Beginner,false
interpreter-translator,customer-service,2,Beginner,false
conflict-mediator,mediation-techniques,5,Advanced,true
conflict-mediator,conflict-resolution,5,Advanced,true
conflict-mediator,active-listening,5,Advanced,true
conflict-mediator,facilitation,4,Advanced,true
conflict-mediator,ethical-and-philosophical-reasoning,2,Intermediate,false
conflict-mediator,report-writing,2,Intermediate,false
conflict-mediator,client-relationship-management,2,Beginner,false
conflict-mediator,public-speaking,1,Beginner,false
public-relations-pr-specialist,media-relations,5,Advanced,true
public-relations-pr-specialist,crisis-communication,4,Advanced,true
public-relations-pr-specialist,copywriting,4,Advanced,true
public-relations-pr-specialist,client-relationship-management,3,Intermediate,false
public-relations-pr-specialist,social-media-management,3,Intermediate,false
public-relations-pr-specialist,marketing-strategy,3,Intermediate,false
public-relations-pr-specialist,public-speaking,2,Beginner,false
public-relations-pr-specialist,content-calendar-planning,2,Beginner,false
trekking-adventure-guide,trail-navigation,5,Advanced,true
trekking-adventure-guide,wilderness-first-aid,5,Advanced,true
trekking-adventure-guide,risk-assessment-outdoor,5,Advanced,true
trekking-adventure-guide,group-leadership-outdoor,4,Advanced,true
trekking-adventure-guide,storytelling,3,Intermediate,false
trekking-adventure-guide,local-history-and-culture-knowledge,3,Intermediate,false
trekking-adventure-guide,customer-service,2,Beginner,false
trekking-adventure-guide,physical-rehabilitation-techniques,1,Beginner,false
wildlife-photographer,photography,5,Advanced,true
wildlife-photographer,camera-equipment-handling,5,Advanced,true
wildlife-photographer,wildlife-knowledge,4,Advanced,true
wildlife-photographer,photo-editing,4,Intermediate,true
wildlife-photographer,wilderness-first-aid,2,Beginner,false
wildlife-photographer,storytelling,2,Beginner,false
wildlife-photographer,marketing-strategy,2,Beginner,false
wildlife-photographer,conservation-practices,2,Beginner,false
organic-farmer,organic-farming-practices,5,Advanced,true
organic-farmer,soil-and-crop-science,4,Advanced,true
organic-farmer,irrigation-systems,3,Intermediate,true
organic-farmer,budgeting,2,Beginner,false
organic-farmer,sales,2,Beginner,false
organic-farmer,inventory-management,2,Beginner,false
organic-farmer,time-and-project-management,3,Intermediate,false
organic-farmer,financial-literacy,1,Beginner,false
scuba-diving-instructor,scuba-diving-techniques,5,Expert,true
scuba-diving-instructor,dive-safety-and-rescue,5,Advanced,true
scuba-diving-instructor,ocean-and-water-safety,4,Advanced,true
scuba-diving-instructor,wilderness-first-aid,3,Advanced,true
scuba-diving-instructor,group-leadership-outdoor,3,Intermediate,false
scuba-diving-instructor,customer-service,2,Beginner,false
scuba-diving-instructor,marketing-strategy,1,Beginner,false
scuba-diving-instructor,equipment-maintenance,1,Beginner,false
surfing-instructor,surfing-technique,5,Advanced,true
surfing-instructor,ocean-and-water-safety,5,Advanced,true
surfing-instructor,wilderness-first-aid,3,Intermediate,true
surfing-instructor,group-leadership-outdoor,3,Intermediate,false
surfing-instructor,customer-service,2,Beginner,false
surfing-instructor,marketing-strategy,1,Beginner,false
surfing-instructor,time-and-project-management,1,Beginner,false
surfing-instructor,equipment-maintenance,1,Beginner,false
drone-pilot,drone-piloting,5,Advanced,true
drone-pilot,aviation-regulations,4,Intermediate,true
drone-pilot,aerial-videography,4,Intermediate,true
drone-pilot,photo-editing,3,Intermediate,false
drone-pilot,video-editing,2,Intermediate,false
drone-pilot,client-relationship-management,2,Beginner,false
drone-pilot,risk-assessment-outdoor,2,Beginner,false
drone-pilot,marketing-strategy,1,Beginner,false
tour-guide,local-history-and-culture-knowledge,5,Advanced,true
tour-guide,storytelling,5,Advanced,true
tour-guide,group-leadership-outdoor,3,Intermediate,true
tour-guide,bilingual-multilingual-proficiency,2,Intermediate,false
tour-guide,customer-service,3,Intermediate,false
tour-guide,itinerary-planning,2,Beginner,false
tour-guide,marketing-strategy,1,Beginner,false
tour-guide,public-speaking,3,Intermediate,false
forest-officer-conservationist,conservation-practices,5,Advanced,true
forest-officer-conservationist,field-patrol-and-enforcement,4,Advanced,true
forest-officer-conservationist,environmental-policy-knowledge,4,Intermediate,true
forest-officer-conservationist,wildlife-knowledge,4,Advanced,true
forest-officer-conservationist,report-writing,3,Intermediate,false
forest-officer-conservationist,gis-and-mapping,2,Intermediate,false
forest-officer-conservationist,scientific-data-collection,3,Intermediate,false
forest-officer-conservationist,public-engagement,2,Beginner,false
mountaineering-instructor,rock-climbing-technique,5,Advanced,true
mountaineering-instructor,high-altitude-survival-skills,5,Advanced,true
mountaineering-instructor,wilderness-first-aid,5,Advanced,true
mountaineering-instructor,risk-assessment-outdoor,5,Advanced,true
mountaineering-instructor,group-leadership-outdoor,4,Advanced,true
mountaineering-instructor,trail-navigation,3,Advanced,false
mountaineering-instructor,customer-service,1,Beginner,false
mountaineering-instructor,equipment-maintenance,2,Beginner,false
geo-scientist-field-researcher,geological-fieldwork,5,Advanced,true
geo-scientist-field-researcher,scientific-data-collection,5,Advanced,true
geo-scientist-field-researcher,gis-and-mapping,4,Advanced,true
geo-scientist-field-researcher,statistics,3,Intermediate,false
geo-scientist-field-researcher,report-writing,3,Intermediate,false
geo-scientist-field-researcher,laboratory-techniques,3,Intermediate,false
geo-scientist-field-researcher,wilderness-first-aid,2,Beginner,false
geo-scientist-field-researcher,excel,2,Beginner,false
sailing-yacht-captain,navigation-marine,5,Advanced,true
sailing-yacht-captain,vessel-operation,5,Advanced,true
sailing-yacht-captain,maritime-safety-regulations,5,Advanced,true
sailing-yacht-captain,wilderness-first-aid,2,Intermediate,false
sailing-yacht-captain,group-leadership-outdoor,3,Intermediate,false
sailing-yacht-captain,customer-service,2,Beginner,false
sailing-yacht-captain,equipment-maintenance,3,Intermediate,false
sailing-yacht-captain,risk-assessment-outdoor,3,Intermediate,false
urban-gardener-landscaper,landscape-design,5,Advanced,true
urban-gardener-landscaper,horticulture,5,Advanced,true
urban-gardener-landscaper,irrigation-systems,4,Intermediate,true
urban-gardener-landscaper,material-selection,2,Beginner,false
urban-gardener-landscaper,client-relationship-management,2,Beginner,false
urban-gardener-landscaper,budgeting,2,Beginner,false
urban-gardener-landscaper,time-and-project-management,2,Beginner,false
urban-gardener-landscaper,customer-service,2,Beginner,false
ui-ux-designer,ui-design,5,Advanced,true
ui-ux-designer,ux-design,5,Advanced,true
ui-ux-designer,wireframing-and-prototyping,5,Advanced,true
ui-ux-designer,figma,4,Advanced,true
ui-ux-designer,design-systems,4,Intermediate,true
ui-ux-designer,usability-testing,3,Intermediate,false
ui-ux-designer,user-interviews,2,Intermediate,false
ui-ux-designer,client-relationship-management,2,Beginner,false
video-editor,video-editing,5,Advanced,true
video-editor,adobe-premiere-pro,4,Advanced,true
video-editor,color-grading,4,Intermediate,true
video-editor,sound-design,3,Intermediate,false
video-editor,storytelling,3,Intermediate,false
video-editor,motion-graphics,2,Beginner,false
video-editor,client-relationship-management,2,Beginner,false
video-editor,time-and-project-management,2,Beginner,false
motion-graphics-designer,motion-graphics,5,Advanced,true
motion-graphics-designer,after-effects,5,Advanced,true
motion-graphics-designer,animation-principles,4,Advanced,true
motion-graphics-designer,design-systems,3,Intermediate,false
motion-graphics-designer,video-editing,3,Intermediate,false
motion-graphics-designer,sound-design,2,Beginner,false
motion-graphics-designer,client-relationship-management,2,Beginner,false
motion-graphics-designer,time-and-project-management,2,Beginner,false
podcast-producer,podcast-production,5,Advanced,true
podcast-producer,audio-recording-and-mixing,5,Advanced,true
podcast-producer,sound-design,3,Intermediate,false
podcast-producer,storytelling,3,Intermediate,false
podcast-producer,content-calendar-planning,2,Beginner,false
podcast-producer,social-media-management,2,Beginner,false
podcast-producer,client-relationship-management,2,Beginner,false
podcast-producer,marketing-strategy,2,Beginner,false
game-developer,game-design,5,Advanced,true
game-developer,unity,4,Advanced,true
game-developer,c,4,Advanced,true
game-developer,game-physics-and-mechanics,4,Intermediate,true
game-developer,git,3,Intermediate,true
game-developer,3d-modelling,2,Beginner,false
game-developer,unreal-engine,2,Beginner,false
game-developer,time-and-project-management,2,Beginner,false
3d-artist-animator,3d-modelling,5,Advanced,true
3d-artist-animator,blender,4,Advanced,true
3d-artist-animator,rigging-and-animation,4,Advanced,true
3d-artist-animator,texturing-and-shading,4,Intermediate,true
3d-artist-animator,animation-principles,4,Intermediate,true
3d-artist-animator,design-systems,2,Beginner,false
3d-artist-animator,client-relationship-management,2,Beginner,false
3d-artist-animator,time-and-project-management,2,Beginner,false
web-developer,html-css,5,Advanced,true
web-developer,javascript,5,Advanced,true
web-developer,react,4,Advanced,true
web-developer,node-js,3,Intermediate,true
web-developer,git,4,Intermediate,true
web-developer,rest-apis,4,Intermediate,true
web-developer,sql,3,Intermediate,false
web-developer,ui-design,2,Beginner,false
data-analyst,sql,5,Advanced,true
data-analyst,excel,4,Advanced,true
data-analyst,data-visualization,4,Advanced,true
data-analyst,statistics,4,Intermediate,true
data-analyst,data-cleaning,4,Intermediate,true
data-analyst,python,3,Intermediate,false
data-analyst,report-writing,2,Intermediate,false
data-analyst,business-model-design,1,Beginner,false
cybersecurity-analyst,network-security,5,Advanced,true
cybersecurity-analyst,vulnerability-assessment,5,Advanced,true
cybersecurity-analyst,security-tools-siem-ids,4,Advanced,true
cybersecurity-analyst,penetration-testing,3,Intermediate,false
cybersecurity-analyst,report-writing,3,Intermediate,false
cybersecurity-analyst,sql,2,Beginner,false
cybersecurity-analyst,python,2,Beginner,false
cybersecurity-analyst,risk-management-trading,1,Beginner,false
ai-ml-engineer,machine-learning,5,Advanced,true
ai-ml-engineer,python,5,Advanced,true
ai-ml-engineer,deep-learning,4,Advanced,true
ai-ml-engineer,data-preprocessing,4,Intermediate,true
ai-ml-engineer,model-evaluation,4,Intermediate,true
ai-ml-engineer,tensorflow-pytorch,4,Advanced,true
ai-ml-engineer,statistics,3,Intermediate,false
ai-ml-engineer,sql,3,Intermediate,false
ai-ml-engineer,git,2,Intermediate,false
stock-crypto-trader,financial-market-analysis,5,Advanced,true
stock-crypto-trader,technical-chart-analysis,5,Advanced,true
stock-crypto-trader,risk-management-trading,5,Advanced,true
stock-crypto-trader,statistics,3,Intermediate,false
stock-crypto-trader,excel,2,Intermediate,false
stock-crypto-trader,financial-literacy,4,Advanced,true
stock-crypto-trader,data-visualization,2,Beginner,false
stock-crypto-trader,python,1,Beginner,false
social-media-manager,social-media-management,5,Advanced,true
social-media-manager,content-calendar-planning,4,Advanced,true
social-media-manager,copywriting,4,Intermediate,true
social-media-manager,engagement-analytics,3,Intermediate,true
social-media-manager,graphic-design,2,Beginner,false
social-media-manager,photo-editing,2,Beginner,false
social-media-manager,marketing-strategy,3,Intermediate,false
social-media-manager,client-relationship-management,2,Beginner,false
email-marketer-copywriter,copywriting,5,Advanced,true
email-marketer-copywriter,email-marketing,5,Advanced,true
email-marketer-copywriter,a-b-testing,4,Intermediate,true
email-marketer-copywriter,marketing-strategy,3,Intermediate,false
email-marketer-copywriter,seo,2,Beginner,false
email-marketer-copywriter,content-calendar-planning,2,Beginner,false
email-marketer-copywriter,data-visualization,1,Beginner,false
email-marketer-copywriter,client-relationship-management,2,Beginner,false
forensic-scientist,forensic-analysis-techniques,5,Advanced,true
forensic-scientist,laboratory-techniques,5,Advanced,true
forensic-scientist,chain-of-custody-procedures,5,Advanced,true
forensic-scientist,report-writing,3,Intermediate,true
forensic-scientist,statistics,2,Intermediate,false
forensic-scientist,scientific-data-collection,3,Intermediate,false
forensic-scientist,ethical-and-philosophical-reasoning,1,Beginner,false
forensic-scientist,excel,2,Beginner,false
patent-analyst,patent-law-basics,5,Advanced,true
patent-analyst,prior-art-search,5,Advanced,true
patent-analyst,technical-research,4,Advanced,true
patent-analyst,report-writing,4,Intermediate,true
patent-analyst,subject-matter-expertise,3,Intermediate,false
patent-analyst,excel,2,Beginner,false
patent-analyst,client-relationship-management,1,Beginner,false
patent-analyst,data-cleaning,1,Beginner,false
behavioural-economist,behavioral-economics-theory,5,Advanced,true
behavioural-economist,experimental-design,4,Advanced,true
behavioural-economist,statistics,4,Advanced,true
behavioural-economist,report-writing,3,Intermediate,false
behavioural-economist,survey-design,3,Intermediate,false
behavioural-economist,data-cleaning,2,Intermediate,false
behavioural-economist,excel,2,Beginner,false
behavioural-economist,public-engagement,2,Beginner,false
urban-planner,urban-planning-principles,5,Advanced,true
urban-planner,gis-mapping,5,Advanced,true
urban-planner,policy-analysis,4,Advanced,true
urban-planner,report-writing,3,Intermediate,true
urban-planner,public-engagement,3,Intermediate,false
urban-planner,environmental-policy-knowledge,2,Intermediate,false
urban-planner,data-visualization,2,Beginner,false
urban-planner,statistics,2,Beginner,false
policy-researcher,policy-analysis,5,Advanced,true
policy-researcher,report-writing,5,Advanced,true
policy-researcher,technical-research,4,Advanced,true
policy-researcher,statistics,3,Intermediate,false
policy-researcher,survey-design,2,Intermediate,false
policy-researcher,data-visualization,2,Beginner,false
policy-researcher,public-engagement,2,Beginner,false
policy-researcher,excel,2,Beginner,false
ethical-hacker,ethical-hacking-techniques,5,Expert,true
ethical-hacker,penetration-testing,5,Advanced,true
ethical-hacker,vulnerability-assessment,5,Advanced,true
ethical-hacker,network-security,4,Advanced,true
ethical-hacker,security-tools-siem-ids,3,Intermediate,false
ethical-hacker,report-writing,3,Intermediate,false
ethical-hacker,python,2,Intermediate,false
ethical-hacker,sql,2,Beginner,false
philosophy-consultant,ethical-and-philosophical-reasoning,5,Advanced,true
philosophy-consultant,facilitation,4,Advanced,true
philosophy-consultant,active-listening,3,Intermediate,false
philosophy-consultant,report-writing,2,Intermediate,false
philosophy-consultant,public-speaking,2,Intermediate,false
philosophy-consultant,client-relationship-management,2,Beginner,false
philosophy-consultant,conflict-resolution,1,Beginner,false
philosophy-consultant,curriculum-design,1,Beginner,false
actuary,actuarial-mathematics,5,Expert,true
actuary,probability-and-risk-modelling,5,Advanced,true
actuary,statistics,5,Advanced,true
actuary,excel,4,Advanced,true
actuary,data-cleaning,2,Intermediate,false
actuary,report-writing,2,Intermediate,false
actuary,sql,2,Beginner,false
actuary,financial-literacy,3,Intermediate,false
science-communicator,science-writing,5,Advanced,true
science-communicator,public-engagement,5,Advanced,true
science-communicator,storytelling,4,Intermediate,true
science-communicator,subject-matter-expertise,3,Intermediate,false
science-communicator,public-speaking,3,Intermediate,false
science-communicator,video-editing,2,Beginner,false
science-communicator,social-media-management,2,Beginner,false
science-communicator,content-creation,2,Beginner,false
archaeologist,archaeological-excavation-techniques,5,Advanced,true
archaeologist,artifact-analysis-and-preservation,5,Advanced,true
archaeologist,scientific-data-collection,4,Advanced,true
archaeologist,report-writing,3,Intermediate,true
archaeologist,gis-mapping,2,Intermediate,false
archaeologist,local-history-and-culture-knowledge,3,Intermediate,false
archaeologist,statistics,1,Beginner,false
archaeologist,public-engagement,2,Beginner,false
operations-researcher,operations-research-modelling,5,Advanced,true
operations-researcher,optimization-techniques,5,Advanced,true
operations-researcher,statistics,4,Advanced,true
operations-researcher,python,3,Intermediate,true
operations-researcher,excel,3,Intermediate,false
operations-researcher,data-visualization,2,Intermediate,false
operations-researcher,report-writing,2,Intermediate,false
operations-researcher,sql,2,Beginner,false
ux-researcher,user-interviews,5,Advanced,true
ux-researcher,survey-design,4,Advanced,true
ux-researcher,usability-testing,5,Advanced,true
ux-researcher,qualitative-data-analysis,4,Advanced,true
ux-researcher,report-writing,3,Intermediate,false
ux-researcher,statistics,2,Intermediate,false
ux-researcher,ux-design,2,Beginner,false
ux-researcher,data-visualization,2,Beginner,false
voice-over-artist,voice-modulation,5,Advanced,true
voice-over-artist,script-reading-and-interpretation,5,Advanced,true
voice-over-artist,home-studio-recording,4,Intermediate,true
voice-over-artist,audio-recording-and-mixing,3,Intermediate,false
voice-over-artist,character-voicing,3,Intermediate,false
voice-over-artist,client-relationship-management,2,Beginner,false
voice-over-artist,time-and-project-management,2,Beginner,false
voice-over-artist,marketing-strategy,1,Beginner,false
stand-up-comedian,comedy-writing,5,Advanced,true
stand-up-comedian,stage-presence,5,Advanced,true
stand-up-comedian,improvisation,4,Advanced,true
stand-up-comedian,public-speaking,4,Advanced,true
stand-up-comedian,audience-engagement,4,Advanced,true
stand-up-comedian,content-creation,2,Beginner,false
stand-up-comedian,social-media-management,2,Beginner,false
stand-up-comedian,marketing-strategy,1,Beginner,false
dance-choreographer,choreography,5,Advanced,true
dance-choreographer,dance-technique,5,Advanced,true
dance-choreographer,music-curation,3,Intermediate,false
dance-choreographer,group-leadership-outdoor,2,Beginner,false
dance-choreographer,content-creation,2,Beginner,false
dance-choreographer,client-relationship-management,2,Beginner,false
dance-choreographer,time-and-project-management,2,Beginner,false
dance-choreographer,social-media-management,2,Beginner,false
theatre-actor,acting-technique,5,Advanced,true
theatre-actor,script-reading-and-interpretation,4,Advanced,true
theatre-actor,memorization,4,Advanced,true
theatre-actor,stage-presence,5,Advanced,true
theatre-actor,voice-modulation,4,Intermediate,false
theatre-actor,improvisation,3,Intermediate,false
theatre-actor,audience-engagement,3,Intermediate,false
theatre-actor,time-and-project-management,1,Beginner,false
music-producer,music-production,5,Advanced,true
music-producer,digital-audio-workstation-daw,5,Advanced,true
music-producer,music-theory,4,Intermediate,true
music-producer,audio-recording-and-mixing,4,Advanced,true
music-producer,sound-design,3,Intermediate,false
music-producer,client-relationship-management,2,Beginner,false
music-producer,marketing-strategy,1,Beginner,false
music-producer,time-and-project-management,2,Beginner,false
rapper-lyricist,songwriting,5,Advanced,true
rapper-lyricist,rhyme-and-wordplay,5,Advanced,true
rapper-lyricist,stage-presence,4,Intermediate,true
rapper-lyricist,music-theory,2,Beginner,false
rapper-lyricist,home-studio-recording,3,Intermediate,false
rapper-lyricist,content-creation,2,Beginner,false
rapper-lyricist,social-media-management,2,Beginner,false
rapper-lyricist,personal-branding,2,Beginner,false
dj,dj-mixing,5,Advanced,true
dj,music-curation,5,Advanced,true
dj,audience-engagement,4,Advanced,true
dj,sound-design,2,Intermediate,false
dj,client-relationship-management,2,Beginner,false
dj,equipment-maintenance,2,Beginner,false
dj,marketing-strategy,2,Beginner,false
dj,time-and-project-management,1,Beginner,false
magician-illusionist,sleight-of-hand,5,Advanced,true
magician-illusionist,illusion-design,4,Advanced,true
magician-illusionist,stage-presence,5,Advanced,true
magician-illusionist,audience-engagement,4,Advanced,true
magician-illusionist,improvisation,3,Intermediate,false
magician-illusionist,client-relationship-management,2,Beginner,false
magician-illusionist,marketing-strategy,1,Beginner,false
magician-illusionist,event-hosting,1,Beginner,false
puppeteer,puppet-construction-and-manipulation,5,Advanced,true
puppeteer,character-voicing,4,Advanced,true
puppeteer,storytelling,4,Advanced,true
puppeteer,stage-presence,3,Intermediate,false
puppeteer,improvisation,2,Intermediate,false
puppeteer,hand-tool-operation,2,Beginner,false
puppeteer,audience-engagement,3,Intermediate,false
puppeteer,curriculum-design,1,Beginner,false
youtube-creator,content-ideation,5,Advanced,true
youtube-creator,video-editing,4,Advanced,true
youtube-creator,on-camera-presence,4,Intermediate,true
youtube-creator,youtube-platform-analytics,4,Intermediate,true
youtube-creator,storytelling,3,Intermediate,false
youtube-creator,seo,2,Beginner,false
youtube-creator,personal-branding,3,Intermediate,false
youtube-creator,marketing-strategy,2,Beginner,false
rj-radio-host,radio-broadcasting-techniques,5,Advanced,true
rj-radio-host,voice-modulation,4,Advanced,true
rj-radio-host,audience-engagement,4,Advanced,true
rj-radio-host,improvisation,3,Intermediate,false
rj-radio-host,storytelling,3,Intermediate,false
rj-radio-host,home-studio-recording,2,Beginner,false
rj-radio-host,social-media-management,1,Beginner,false
rj-radio-host,music-curation,2,Beginner,false
emcee-event-host,event-hosting,5,Advanced,true
emcee-event-host,public-speaking,5,Advanced,true
emcee-event-host,audience-engagement,5,Advanced,true
emcee-event-host,improvisation,3,Intermediate,false
emcee-event-host,client-relationship-management,2,Beginner,false
emcee-event-host,event-planning,2,Beginner,false
emcee-event-host,time-and-project-management,2,Beginner,false
emcee-event-host,marketing-strategy,1,Beginner,false
art-therapist,art-therapy-techniques,5,Advanced,true
art-therapist,trauma-informed-care,5,Advanced,true
art-therapist,active-empathetic-listening,4,Advanced,true
art-therapist,psychological-first-aid,3,Intermediate,false
art-therapist,client-relationship-management,3,Intermediate,false
art-therapist,report-writing,2,Intermediate,false
art-therapist,ethical-and-philosophical-reasoning,1,Beginner,false
art-therapist,graphic-design,1,Beginner,false
music-therapist,music-therapy-techniques,5,Advanced,true
music-therapist,music-theory,3,Intermediate,true
music-therapist,trauma-informed-care,3,Intermediate,false
music-therapist,active-empathetic-listening,4,Advanced,true
music-therapist,client-relationship-management,3,Intermediate,false
music-therapist,report-writing,2,Intermediate,false
music-therapist,instrument-making-and-repair,1,Beginner,false
music-therapist,psychological-first-aid,2,Beginner,false
grief-counsellor,grief-counselling-techniques,5,Advanced,true
grief-counsellor,active-empathetic-listening,5,Advanced,true
grief-counsellor,trauma-informed-care,4,Advanced,true
grief-counsellor,psychological-first-aid,3,Intermediate,false
grief-counsellor,client-relationship-management,3,Intermediate,false
grief-counsellor,report-writing,2,Intermediate,false
grief-counsellor,facilitation,2,Beginner,false
grief-counsellor,ethical-and-philosophical-reasoning,1,Beginner,false
nutritionist-dietitian,nutrition-science,5,Advanced,true
nutritionist-dietitian,diet-planning,5,Advanced,true
nutritionist-dietitian,anatomy-and-physiology,3,Intermediate,false
nutritionist-dietitian,client-relationship-management,3,Intermediate,false
nutritionist-dietitian,report-writing,2,Intermediate,false
nutritionist-dietitian,excel,1,Beginner,false
nutritionist-dietitian,marketing-strategy,1,Beginner,false
nutritionist-dietitian,customer-service,2,Beginner,false
yoga-instructor,yoga-instruction,5,Advanced,true
yoga-instructor,breathing-and-meditation-techniques,5,Advanced,true
yoga-instructor,anatomy-and-physiology,3,Intermediate,true
yoga-instructor,group-leadership-outdoor,2,Intermediate,false
yoga-instructor,client-relationship-management,2,Beginner,false
yoga-instructor,marketing-strategy,1,Beginner,false
yoga-instructor,customer-service,2,Beginner,false
yoga-instructor,curriculum-design,1,Beginner,false
physiotherapist,physical-rehabilitation-techniques,5,Advanced,true
physiotherapist,anatomy-and-physiology,5,Advanced,true
physiotherapist,manual-therapy,5,Advanced,true
physiotherapist,client-relationship-management,3,Intermediate,false
physiotherapist,report-writing,2,Intermediate,false
physiotherapist,assistive-device-knowledge,2,Intermediate,false
physiotherapist,facilitation,1,Beginner,false
physiotherapist,customer-service,2,Beginner,false
occupational-therapist,occupational-therapy-techniques,5,Advanced,true
occupational-therapist,assistive-device-knowledge,4,Advanced,true
occupational-therapist,anatomy-and-physiology,4,Intermediate,true
occupational-therapist,client-relationship-management,3,Intermediate,false
occupational-therapist,report-writing,2,Intermediate,false
occupational-therapist,trauma-informed-care,2,Intermediate,false
occupational-therapist,facilitation,1,Beginner,false
occupational-therapist,customer-service,2,Beginner,false
animal-therapist-vet-assistant,animal-handling,5,Advanced,true
animal-therapist-vet-assistant,veterinary-support-procedures,5,Advanced,true
animal-therapist-vet-assistant,anatomy-and-physiology,2,Intermediate,false
animal-therapist-vet-assistant,client-relationship-management,2,Beginner,false
animal-therapist-vet-assistant,report-writing,1,Beginner,false
animal-therapist-vet-assistant,customer-service,2,Beginner,false
animal-therapist-vet-assistant,sterilization-and-hygiene-practices,3,Intermediate,false
animal-therapist-vet-assistant,time-and-project-management,1,Beginner,false
midwife-birth-companion,prenatal-and-postpartum-care,5,Advanced,true
midwife-birth-companion,labor-support-techniques,5,Advanced,true
midwife-birth-companion,anatomy-and-physiology,4,Advanced,true
midwife-birth-companion,active-empathetic-listening,4,Advanced,true
midwife-birth-companion,client-relationship-management,3,Intermediate,false
midwife-birth-companion,report-writing,2,Intermediate,false
midwife-birth-companion,psychological-first-aid,2,Intermediate,false
midwife-birth-companion,sterilization-and-hygiene-practices,3,Intermediate,false
speech-therapist,speech-and-language-assessment,5,Advanced,true
speech-therapist,speech-therapy-techniques,5,Advanced,true
speech-therapist,anatomy-and-physiology,3,Intermediate,false
speech-therapist,client-relationship-management,3,Intermediate,false
speech-therapist,report-writing,2,Intermediate,false
speech-therapist,curriculum-design,2,Beginner,false
speech-therapist,active-empathetic-listening,3,Intermediate,false
speech-therapist,facilitation,1,Beginner,false
mental-health-first-aider,mental-health-first-aid-techniques,5,Advanced,true
mental-health-first-aider,psychological-first-aid,5,Advanced,true
mental-health-first-aider,active-empathetic-listening,5,Advanced,true
mental-health-first-aider,trauma-informed-care,3,Intermediate,false
mental-health-first-aider,conflict-resolution,2,Beginner,false
mental-health-first-aider,report-writing,1,Beginner,false
mental-health-first-aider,client-relationship-management,2,Beginner,false
mental-health-first-aider,facilitation,1,Beginner,false
elder-care-specialist,elder-care-practices,5,Advanced,true
elder-care-specialist,medication-and-care-routine-management,4,Advanced,true
elder-care-specialist,active-empathetic-listening,3,Intermediate,false
elder-care-specialist,anatomy-and-physiology,2,Intermediate,false
elder-care-specialist,client-relationship-management,3,Intermediate,false
elder-care-specialist,report-writing,1,Beginner,false
elder-care-specialist,assistive-device-knowledge,2,Intermediate,false
elder-care-specialist,customer-service,2,Beginner,false
cloud-kitchen-owner,menu-development,5,Advanced,true
cloud-kitchen-owner,kitchen-operations-management,5,Advanced,true
cloud-kitchen-owner,food-delivery-platform-management,4,Intermediate,true
cloud-kitchen-owner,food-safety-and-hygiene,4,Intermediate,true
cloud-kitchen-owner,budgeting,3,Intermediate,false
cloud-kitchen-owner,marketing-strategy,2,Beginner,false
cloud-kitchen-owner,inventory-management,2,Beginner,false
cloud-kitchen-owner,financial-literacy,2,Beginner,false
print-on-demand-seller,print-on-demand-platforms,5,Advanced,true
print-on-demand-seller,graphic-design,4,Intermediate,true
print-on-demand-seller,e-commerce-platform-management,4,Intermediate,true
print-on-demand-seller,marketing-strategy,3,Intermediate,false
print-on-demand-seller,seo,2,Beginner,false
print-on-demand-seller,social-media-management,2,Beginner,false
print-on-demand-seller,financial-literacy,1,Beginner,false
print-on-demand-seller,customer-service,2,Beginner,false
dropshipper,e-commerce-platform-management,5,Advanced,true
dropshipper,supplier-sourcing,4,Intermediate,true
dropshipper,marketing-strategy,4,Intermediate,true
dropshipper,seo,2,Beginner,false
dropshipper,customer-service,3,Intermediate,false
dropshipper,a-b-testing,2,Beginner,false
dropshipper,financial-literacy,2,Beginner,false
dropshipper,data-visualization,1,Beginner,false
app-developer-no-code,no-code-app-development,5,Advanced,true
app-developer-no-code,product-requirements-definition,4,Intermediate,true
app-developer-no-code,ui-design,3,Intermediate,false
app-developer-no-code,rest-apis,2,Beginner,false
app-developer-no-code,client-relationship-management,2,Beginner,false
app-developer-no-code,software-product-management,2,Beginner,false
app-developer-no-code,marketing-strategy,1,Beginner,false
app-developer-no-code,time-and-project-management,2,Beginner,false
newsletter-creator,newsletter-platforms,5,Advanced,true
newsletter-creator,copywriting,5,Advanced,true
newsletter-creator,audience-growth-strategy,4,Intermediate,true
newsletter-creator,content-calendar-planning,3,Intermediate,false
newsletter-creator,seo,2,Beginner,false
newsletter-creator,social-media-management,2,Beginner,false
newsletter-creator,marketing-strategy,2,Beginner,false
newsletter-creator,financial-literacy,1,Beginner,false
affiliate-marketer,affiliate-marketing-strategy,5,Advanced,true
affiliate-marketer,content-creation,4,Intermediate,true
affiliate-marketer,seo,4,Intermediate,true
affiliate-marketer,copywriting,3,Intermediate,false
affiliate-marketer,social-media-management,3,Intermediate,false
affiliate-marketer,data-visualization,1,Beginner,false
affiliate-marketer,personal-branding,2,Beginner,false
affiliate-marketer,marketing-strategy,2,Beginner,false
online-tutor,subject-matter-expertise,5,Advanced,true
online-tutor,lesson-planning,5,Advanced,true
online-tutor,online-teaching-platforms,4,Intermediate,true
online-tutor,active-listening,3,Intermediate,false
online-tutor,client-relationship-management,2,Beginner,false
online-tutor,curriculum-design,3,Intermediate,false
online-tutor,marketing-strategy,1,Beginner,false
online-tutor,customer-service,2,Beginner,false
franchise-owner,franchise-operations-management,5,Advanced,true
franchise-owner,budgeting,4,Intermediate,true
franchise-owner,inventory-management,3,Intermediate,false
franchise-owner,employee-relations,3,Intermediate,false
franchise-owner,customer-service,3,Intermediate,false
franchise-owner,financial-literacy,3,Intermediate,false
franchise-owner,marketing-strategy,2,Beginner,false
franchise-owner,time-and-project-management,2,Beginner,false
reseller-thrift-vintage,thrift-sourcing-and-valuation,5,Advanced,true
reseller-thrift-vintage,online-marketplace-selling,4,Intermediate,true
reseller-thrift-vintage,photography,2,Beginner,false
reseller-thrift-vintage,negotiation,3,Intermediate,false
reseller-thrift-vintage,inventory-management,2,Beginner,false
reseller-thrift-vintage,customer-service,2,Beginner,false
reseller-thrift-vintage,financial-literacy,2,Beginner,false
reseller-thrift-vintage,marketing-strategy,1,Beginner,false
saas-builder,software-product-management,5,Advanced,true
saas-builder,saas-metrics-and-analytics,4,Advanced,true
saas-builder,rest-apis,3,Intermediate,false
saas-builder,sql,3,Intermediate,false
saas-builder,product-requirements-definition,4,Intermediate,true
saas-builder,marketing-strategy,2,Beginner,false
saas-builder,python,2,Beginner,false
saas-builder,customer-service,2,Beginner,false
coworking-space-owner,coworking-space-operations,5,Advanced,true
coworking-space-owner,facility-management,4,Intermediate,true
coworking-space-owner,budgeting,3,Intermediate,false
coworking-space-owner,client-relationship-management,3,Intermediate,false
coworking-space-owner,marketing-strategy,2,Beginner,false
coworking-space-owner,event-planning,2,Beginner,false
coworking-space-owner,financial-literacy,2,Beginner,false
coworking-space-owner,customer-service,3,Intermediate,false
micro-influencer,personal-branding,5,Advanced,true
micro-influencer,content-creation,5,Advanced,true
micro-influencer,influencer-brand-partnerships,4,Intermediate,true
micro-influencer,social-media-management,4,Intermediate,true
micro-influencer,photo-editing,2,Beginner,false
micro-influencer,engagement-analytics,2,Intermediate,false
micro-influencer,negotiation,2,Beginner,false
micro-influencer,marketing-strategy,2,Beginner,false
import-export-trader,import-export-compliance,5,Advanced,true
import-export-trader,logistics-coordination,5,Advanced,true
import-export-trader,supplier-sourcing,4,Intermediate,true
import-export-trader,negotiation,4,Intermediate,true
import-export-trader,financial-literacy,3,Intermediate,false
import-export-trader,excel,2,Beginner,false
import-export-trader,inventory-management,2,Beginner,false
import-export-trader,marketing-strategy,1,Beginner,false
social-enterprise-founder,business-model-design,5,Advanced,true
social-enterprise-founder,social-impact-measurement,5,Advanced,true
social-enterprise-founder,fundraising-strategy,4,Intermediate,true
social-enterprise-founder,budgeting,3,Intermediate,false
social-enterprise-founder,client-relationship-management,2,Beginner,false
social-enterprise-founder,marketing-strategy,2,Beginner,false
social-enterprise-founder,report-writing,2,Intermediate,false
social-enterprise-founder,financial-literacy,3,Intermediate,false
